date,meals_served,kitchen_staff,temperature_C,humidity_percent,day_of_week,special_event,past_waste_kg,staff_experience,waste_category,food_waste_kg
2024-01-01,252 meals,8 staff,19.086327667979404,84.01873437446946,0,1,29.31837403329368,EXPERT,dairy,20.449225804064096
2024-01-02,498 meals,11 staff,25.15610127917558,69.88907944297625,1,0,28.031408435576463,Beginner ,Bakery,29.8493431173606
2024-01-03,420 meals,12 staff,23.38543322332044,36.31317331429018,2,0,11.544960008409353,EXPERT,Rice,25.915655259557614
2024-01-04,256 meals,5 staff,15.362480820914595,70.3211857308321,3,0,9.996792429625337,EXPERT,Rice,18.784871286619158
2024-01-05,221 meals,9 staff,30.855162271456255,68.12567524217832,4,0,6.067070504354901,Beginner,Bakery,17.24921931894793
2024-01-06,338 meals,11 staff,16.380918126291995,78.34583509759987,5,0,5.497023751757291,Beginner,Rice,16.662167926689616
2024-01-07,170 meals,16 staff,24.485100419539073,79.51491999913085,6,0,40.19241742878741,EXPERT,VEGETABLES,17.174027952539117
2024-01-08,252 meals,8 staff,,82.09218454673874,0,0,6.803554240215597,intermediate,MeAt,13.385285448147878
2024-01-09,271 meals,17 staff,27.568529132291744,54.8478908747459,1,0,34.24884439492985,EXPERT,MeAt,21.72671455243782
2024-01-10,364 meals,8 staff,28.772632586157513,71.87186372112865,2,0,39.87940384979828,EXPERT,MeAt,31.457521283378796
2024-01-11,480 meals,8 staff,20.0654476704543,46.095021535338645,3,0,8.922313942498302,Beginner ,VEGETABLES,22.468347306371783
2024-01-12,237 meals,16 staff,15.199575533168987,89.96017679901026,4,0,22.452056953320707,Beginner,Rice,13.322431899153992
2024-01-13,249 meals,10 staff,29.468873247098237,40.5200544826116,5,0,43.492119326971064,Beginner,Bakery,24.458290906019197
2024-01-14,301 meals,11 staff,25.713131986951574,30.60686589965015,6,0,38.3655464209434,EXPERT,dairy,28.739182119481292
2024-01-15,280 meals,6 staff,31.722354064144977,38.928522871090564,0,0,24.588161274314203,EXPERT,Rice,18.294078309022403
2024-01-16,299 meals,19 staff,31.427767258013887,76.5523373726476,1,1,35.50284451166212,EXPERT,VEGETABLES,28.148193240317863
2024-01-17,458 meals,9 staff,31.866523355757664,56.80702059049269,2,0,38.33510497726655,intermediate,VEGETABLES,35.49654469526077
2024-01-18,407 meals,8 staff,24.701893199590803,56.8500148686257,3,0,18.921078527548772,Beginner,MeAt,30.666710318482753
2024-01-19,493 meals,19 staff,21.672567916737314,87.3013751767001,4,0,40.686116674798434,intermediate,Rice,34.44907100312827
2024-01-20,443 meals,18,30.8311640518274,85.17809448168445,5,0,23.818932787086272,Beginner ,MeAt,24.476264235735297
2024-01-21,341 meals,17 staff,24.0258822605851,48.671684268240554,6,0,26.112294542353197,EXPERT,dairy,26.679313643351286
2024-01-22,426,7 staff,18.66884392806869,42.54348772685197,0,0,44.98830551287324,intermediate,MeAt,35.63611526739625
2024-01-23,310 meals,11 staff,,80.90893259602439,1,0,38.73211864608645,Beginner,dairy,27.727129615409492
2024-01-24,463 meals,15,32.65119753544695,84.36114426266178,2,0,19.470800230919203,Beginner ,VEGETABLES,25.847756956512914
2024-01-25,171 meals,16 staff,24.3261951228034,62.495815367909216,3,0,5.413823858907998,EXPERT,MeAt,12.499598979649392
2024-01-26,402 meals,10 staff,16.51399454619575,67.76542266702603,4,0,30.046962951755788,Beginner ,MeAt,27.21381146430152
2024-01-27,385 meals,18 staff,22.756521798338625,45.414857081537605,5,0,33.15653704512431,intermediate,Bakery,29.803142549567188
2024-01-28,494 meals,11 staff,31.070753189252066,78.04816127871148,6,0,31.032107605735185,Beginner,VEGETABLES,32.63092794646773
2024-01-29,198 meals,9 staff,33.03548057092458,67.9273457069414,0,1,43.71449404652852,intermediate,Bakery,24.077492984811563
2024-01-30,208 meals,17 staff,19.069454849951917,60.21081067787979,1,0,39.51884109328577,EXPERT,dairy,18.670260974040765
2024-01-31,319 meals,10 staff,16.33947224050543,33.60651336470375,2,0,22.953267727225942,EXPERT,dairy,24.335015239905765
2024-02-01,337 meals,9 staff,60.0,84.95609775066922,3,0,7.514299498895238,Beginner,VEGETABLES,21.0770576282404
2024-02-02,420 meals,18 staff,22.788098779577506,66.92708522306435,4,0,24.042350780079875,EXPERT,dairy,28.560639708872056
2024-02-03,339 meals,11 staff,25.835219285351265,41.56146568157808,5,0,32.56976079848093,Beginner ,VEGETABLES,31.65261841514936
2024-02-04,324 meals,6,,66.38316701898316,6,0,29.308392329080185,Beginner ,dairy,25.613998661161194
2024-02-05,200 meals,18,16.33129455828446,70.6478012543984,0,0,26.525482708435394,EXPERT,Rice,20.713906092640624
2024-02-06,204 meals,15 staff,27.96636014904191,61.54622020099353,1,0,23.75275832060965,intermediate,MeAt,17.60307788958004
2024-02-07,393 meals,9,16.482108451497343,73.08610427736136,2,0,16.750474921095453,intermediate,Rice,27.163339068342804
2024-02-08,469 meals,10 staff,22.509378569330007,64.88723687571746,3,0,16.09387046898517,EXPERT,VEGETABLES,23.678248193711276
2024-02-09,280 meals,10 staff,31.076290903868934,86.86617492192889,4,0,25.009259157032076,intermediate,VEGETABLES,21.60161213923488
2024-02-10,456 meals,19 staff,23.669444655112688,33.22182471595841,5,0,11.42412585718596,Beginner ,Rice,22.8464316687607
2024-02-11,284 meals,9 staff,34.94364707805901,36.37474250817363,6,0,18.627416942992063,intermediate,MeAt,20.209506669732974
2024-02-12,170 meals,14 staff,26.181185698932044,40.420298217260395,0,0,17.959170988403983,EXPERT,MeAt,15.040329426551413
2024-02-13,478 meals,11 staff,21.42324305271907,71.41026423625993,1,0,28.485312063368035,Beginner ,Bakery,34.86808645814797
2024-02-14,316 meals,14 staff,,68.73575236498851,2,0,7.667292014520983,intermediate,dairy,19.569917383573042
2024-02-15,423 meals,12 staff,22.010410685723237,83.52353161258165,3,0,38.186747210603805,Beginner ,Bakery,31.595465268849726
2024-02-16,238 meals,11,22.450665475191016,73.9726471730339,4,0,27.495135215376084,EXPERT,MeAt,17.88775409953039
2024-02-17,465 meals,9 staff,16.37427355447922,60.50132925387554,5,0,31.83306723103741,EXPERT,Rice,25.772349670086236
2024-02-18,163 meals,5 staff,22.391483988535462,89.50990754781782,6,1,33.12375615037731,EXPERT,dairy,18.29368457866485
2024-02-19,391 meals,17 staff,24.2847703947845,45.966477370157946,0,0,16.65936547370146,intermediate,Rice,27.961394785037538
2024-02-20,414 meals,9 staff,29.454755044776093,79.99149958712724,1,0,23.81486269539466,EXPERT,Bakery,28.169639208562984
2024-02-21,495 meals,14 staff,28.134589694432158,55.60742233163516,2,0,43.24983823478669,Beginner ,VEGETABLES,37.47069639675137
2024-02-22,202,6 staff,29.175313104583083,68.92410833254405,3,0,35.6682095198726,Beginner,Rice,21.229634721610015
2024-02-23,489 meals,17 staff,15.167273637537143,73.63610822714604,4,0,43.782275008927414,EXPERT,Bakery,36.42155430284894
2024-02-24,241 meals,9 staff,19.353347991610722,68.02524523142017,5,0,34.85017380585153,EXPERT,Bakery,23.089955799277124
2024-02-25,413 meals,9 staff,28.23368576799713,38.430438186515595,6,0,12.024005588340696,Beginner,Bakery,23.04231069256444
2024-02-26,184 meals,6 staff,24.679787363594944,56.577060644875964,0,0,7.581435353787049,Beginner,VEGETABLES,8.777786409071371
2024-02-27,355 meals,9 staff,15.106269513366918,63.68630267598746,1,0,28.106457468786544,intermediate,VEGETABLES,25.956041456710214
2024-02-28,230 meals,17 staff,31.089892848636445,80.9426255507158,2,0,19.312531188104384,Beginner ,VEGETABLES,17.002450534587314
2024-02-29,199 meals,8 staff,30.456191465806747,56.618744927914335,3,0,16.01831640552681,EXPERT,dairy,20.381005183036905
2024-03-01,151 meals,5 staff,,85.12483828825509,4,0,37.2884398570167,EXPERT,VEGETABLES,16.319461978098673
2024-03-02,203 meals,7 staff,16.329266515525443,56.42245338151264,5,0,19.679730683277896,intermediate,VEGETABLES,15.57559409292936
2024-03-03,255 meals,5 staff,30.330300990651693,62.926791555780696,6,0,17.680038789372155,intermediate,VEGETABLES,17.284015657727082
2024-03-04,409 meals,16 staff,26.674271754627277,77.77714097656806,0,0,38.999503726760416,EXPERT,Rice,30.8068026202868
2024-03-05,459 meals,15 staff,30.639199543159183,64.98406106532862,1,0,38.8514934594584,EXPERT,VEGETABLES,36.14476375515748
2024-03-06,340 meals,19 staff,30.03493984791681,87.61308434296947,2,0,19.254665510202265,EXPERT,dairy,29.490288706533335
2024-03-07,367 meals,9 staff,31.06004143915674,69.62014983084765,3,0,38.29994803943865,Beginner,Bakery,28.877502821819764
2024-03-08,193 meals,8,25.360161328092495,61.362567244056066,4,0,39.03113961330642,EXPERT,Rice,22.907025358850543
2024-03-09,311 meals,11 staff,17.8064903638703,31.415518066847753,5,0,21.95722140118665,Beginner,MeAt,16.40005044751436
2024-03-10,351 meals,9,28.423149467593774,54.82397385481979,6,0,7.658925208366862,EXPERT,VEGETABLES,18.667088972557966
2024-03-11,419 meals,14 staff,27.409475701039412,47.95490515560962,0,0,5.063385778653604,Beginner,Bakery,27.134739152432683
2024-03-12,453 meals,18,29.845063743981743,74.88634007324936,1,0,25.931698515559802,Beginner ,Bakery,30.264568374324
2024-03-13,420 meals,8 staff,18.397620121014707,42.496660509212745,2,0,18.76301973481423,EXPERT,Rice,28.135925965472143
2024-03-14,364,6 staff,18.899503998005784,42.31320523764431,3,0,44.885275766334644,intermediate,MeAt,29.797329321512827
2024-03-15,401 meals,8 staff,32.808190344386574,41.371142594242606,4,0,35.89643998509137,EXPERT,dairy,31.591603571096805
2024-03-16,339 meals,16 staff,29.999555969041417,37.53693678937415,5,0,35.4510182540165,EXPERT,Bakery,32.483634216563196
2024-03-17,445 meals,6 staff,33.16456977400646,48.66042022025324,6,0,43.20971073149374,EXPERT,Bakery,31.73266433264082
2024-03-18,362,12 staff,30.174306423278416,83.1553268666055,0,1,40.50897591573283,Beginner ,Bakery,36.81232029024722
2024-03-19,357,7 staff,26.94310611980604,76.4957083383573,1,0,17.72749917825555,Beginner,Bakery,18.53041720779454
2024-03-20,386 meals,13 staff,28.082654740557473,74.11507297840761,2,0,11.639488864155055,intermediate,Rice,21.33534112878999
2024-03-21,487 meals,17 staff,32.7825584788002,77.84020833899777,3,0,34.83569060261929,Beginner,MeAt,32.29295562644703
2024-03-22,202 meals,8,26.57613509023881,46.1650733597743,4,0,20.13095574731492,Beginner,Bakery,15.321903778892747
2024-03-23,429 meals,17,27.647826486567748,83.24650144514928,5,0,23.926906065238256,EXPERT,dairy,26.08136319359926
2024-03-24,366 meals,10 staff,18.12953432007201,38.238202508496265,6,0,30.215909250993075,Beginner ,dairy,24.590613784819077
2024-03-25,401 meals,14 staff,24.478424402322055,50.18074360293492,0,0,41.31490707740963,EXPERT,VEGETABLES,28.884232306688027
2024-03-26,337 meals,9 staff,-10.0,65.20488713804058,1,0,21.763510146838637,Beginner ,Bakery,25.311213929720253
2024-03-27,190 meals,14 staff,20.41885396632731,36.17430530052004,2,0,36.33267560877445,Beginner,Bakery,19.685928694810592
2024-03-28,306 meals,17 staff,19.0450836104907,73.8078112665855,3,0,15.733591650986298,Beginner,Bakery,18.521546236197366
2024-03-29,164 meals,5 staff,21.276536164488313,53.234762892208494,4,0,32.918871636944544,Beginner ,Bakery,18.922432222829848
2024-03-30,450 meals,13,19.83001255985667,77.06433993650401,5,0,5.063176843116475,Beginner,Bakery,19.535046519663265
2024-03-31,214 meals,5 staff,19.298252740727918,59.57377713507616,6,1,39.86028853962539,Beginner,dairy,23.577204193786653
2024-04-01,494 meals,12 staff,23.49701685736174,40.85247146552018,0,0,6.2151831981785,intermediate,MeAt,26.283246756389815
2024-04-02,476 meals,13 staff,33.15677027767068,74.08570868132065,1,0,33.51015019050337,EXPERT,MeAt,33.66393156706332
2024-04-03,158 meals,13 staff,25.141192934774367,45.12863735033662,2,0,6.8503275704513555,EXPERT,VEGETABLES,11.512598523856242
2024-04-04,493 meals,5 staff,18.75840761630646,59.44861807608257,3,0,15.649827975760138,EXPERT,dairy,34.27552041910852
2024-04-05,278 meals,6 staff,,34.531996149414454,4,0,24.888096142262125,EXPERT,Bakery,22.335353068543213
2024-04-06,285 meals,16 staff,28.923122902758504,67.0719992647222,5,0,21.79754741392953,intermediate,MeAt,20.18964070076451
2024-04-07,212 meals,17,22.655975288727756,69.95146597297664,6,0,12.673444584040423,EXPERT,Rice,10.854100212484324
2024-04-08,288 meals,5 staff,31.436618931707187,52.72045259836702,0,1,18.352596468369494,EXPERT,Rice,12.73332516360952
2024-04-09,230 meals,14 staff,28.190215372815402,87.26536681926443,1,0,34.10825480243868,intermediate,Rice,22.11612894222019
2024-04-10,312 meals,6,30.92482901082737,82.4501352889241,2,0,31.77028370318593,Beginner,Bakery,21.35218509041318
2024-04-11,438 meals,14 staff,20.438920788368975,72.47645494439968,3,1,7.872583350556628,EXPERT,Bakery,16.64098464241055
2024-04-12,410 meals,16 staff,28.84717844922116,72.81912446962457,4,0,34.892633022915454,Beginner,VEGETABLES,29.915178637576865
2024-04-13,380 meals,12 staff,20.281239693874376,45.14410289652908,5,0,7.121835247881134,EXPERT,VEGETABLES,21.854995781649972
2024-04-14,190,9 staff,33.781369589005834,69.40891386530694,6,0,26.717055563991376,Beginner ,VEGETABLES,19.748028118805234
2024-04-15,177 meals,16,27.727485630667488,41.89237591413118,0,1,15.402509921687626,EXPERT,Rice,16.654505117319854
2024-04-16,284 meals,15 staff,21.490236003506844,38.64019343518933,1,0,28.507605102392755,EXPERT,Bakery,25.37941802150297
2024-04-17,350 meals,11 staff,20.390237245845455,89.96807365215481,2,0,15.453135837636074,Beginner ,Rice,24.84366584010302
2024-04-18,477 meals,6 staff,18.81853170143287,67.34255588839045,3,0,44.39831878503324,intermediate,VEGETABLES,32.76528559774402
2024-04-19,417,12 staff,28.892819177874557,55.85927235943143,4,0,17.389127349101273,Beginner ,Bakery,25.61795129251011
2024-04-20,182 meals,15 staff,19.374312259958547,47.28987137303708,5,0,14.678425426979839,intermediate,dairy,15.24303432787779
2024-04-21,197 meals,10 staff,26.906065318549782,66.23522661973365,6,0,16.138611636613838,EXPERT,MeAt,14.830707336420055
2024-04-22,211 meals,12 staff,,32.97561049320517,0,1,40.858914290371814,intermediate,MeAt,22.342226457364045
2024-04-23,365 meals,5 staff,28.239378895877373,35.680859430287704,1,0,30.44875314677379,Beginner ,VEGETABLES,27.468896003769064
2024-04-24,442 meals,19 staff,31.298794570810784,31.971401864423783,2,0,34.22736389683106,EXPERT,Rice,33.10481116367677
2024-04-25,248 meals,5 staff,30.560504862893062,59.9501899957597,3,0,41.720420403774014,Beginner,dairy,24.685445004825223
2024-04-26,321 meals,16 staff,30.217026618615634,66.03639775123095,4,0,41.4748993938003,Beginner,Bakery,25.95363174591289
2024-04-27,363 meals,11 staff,18.75444811384504,33.74878568146925,5,0,34.5578338631491,EXPERT,Rice,23.408877837531858
2024-04-28,184 meals,12 staff,16.767698939690373,73.27346804993499,6,1,12.912977153652916,Beginner,VEGETABLES,12.46181166168215
2024-04-29,376 meals,17 staff,28.97897656974771,43.82370429087386,0,1,38.73493282700022,EXPERT,Rice,30.592928111015887
2024-04-30,250 meals,7 staff,22.366944275887025,71.11208722619196,1,0,13.151041367642549,EXPERT,VEGETABLES,16.58505115472059
2024-05-01,280 meals,9 staff,23.646924528066947,88.91382840211475,2,1,34.71595256393728,Beginner ,MeAt,27.273548959927815
2024-05-02,406 meals,16 staff,15.62298185586782,71.46635220323107,3,0,32.424122661794975,Beginner ,MeAt,33.41905570160727
2024-05-03,154 meals,5 staff,-10.0,82.99158317541651,4,0,35.35555400561786,intermediate,Rice,17.994597790377632
2024-05-04,367 meals,11 staff,15.67352807748928,86.89191040458405,5,0,26.30742722855263,Beginner ,dairy,25.951633659075362
2024-05-05,404 meals,9 staff,32.583715452024954,59.20506290113893,6,1,30.549047289968783,EXPERT,Bakery,31.08409998570259
2024-05-06,432 meals,12 staff,19.86793366437061,72.13949876518241,0,0,43.13280321737021,Beginner ,VEGETABLES,35.81948610376499
2024-05-07,356 meals,17 staff,26.146743391460163,81.1181552133505,1,1,9.043543766968597,Beginner,Bakery,19.185388524686577
2024-05-08,164 meals,12 staff,15.779586413222608,51.39653477246317,2,0,17.353890991264798,intermediate,MeAt,15.383208805795768
2024-05-09,495 meals,13 staff,28.33694782611316,45.683838993623695,3,0,29.454280523935296,intermediate,dairy,33.14716093033214
2024-05-10,191 meals,11 staff,21.460546915081878,86.79591436670032,4,0,43.562165205259575,EXPERT,dairy,22.24331734547719
2024-05-11,328 meals,15 staff,32.95838373915332,73.57821002212907,5,0,8.822977906504047,Beginner ,Bakery,20.34773475721714
2024-05-12,212 meals,5 staff,32.762363778680715,43.18092800254958,6,0,5.901968861203457,Beginner,MeAt,11.467090799131268
2024-05-13,380 meals,17 staff,21.505812367234956,56.9450035605668,0,0,7.22998393881312,Beginner ,Bakery,21.453012704113945
2024-05-14,390 meals,7 staff,33.019217913809356,77.78710617226857,1,0,7.096227458447952,EXPERT,Rice,22.52150115685903
2024-05-15,201 meals,12 staff,34.923153469975574,62.823779455106525,2,0,41.312634311096176,Beginner ,dairy,24.895325971727484
2024-05-16,245 meals,7 staff,31.508313282478962,68.99712588995334,3,0,33.85031631735299,EXPERT,dairy,24.649516636031727
2024-05-17,371 meals,12,31.897426955104578,75.22609212270314,4,1,32.08425464785113,Beginner ,Rice,28.97640982466033
2024-05-18,380 meals,5 staff,19.9801747221818,67.32055132853884,5,0,25.90291281047238,intermediate,MeAt,18.944567639821148
2024-05-19,386 meals,9 staff,26.534047977155126,62.404759315331745,6,0,36.27810467888608,Beginner,dairy,30.913483862829434
2024-05-20,292 meals,8 staff,16.345118279347357,74.97685706326641,0,0,11.225919710463632,EXPERT,VEGETABLES,19.161433699976826
2024-05-21,320 meals,9,16.898358736433394,73.65378212593204,1,0,20.677647591537497,EXPERT,VEGETABLES,24.006080818852382
2024-05-22,178,12 staff,34.97785224066581,67.79234401099073,2,0,24.60017003057374,Beginner,MeAt,13.411976120975979
2024-05-23,185 meals,14 staff,21.53278498851822,51.58736480291577,3,0,9.41637990706905,Beginner,Rice,5.708685814861038
2024-05-24,162 meals,19 staff,,54.348725532016296,4,0,21.78054837350068,intermediate,Bakery,17.052674544401203
2024-05-25,309 meals,18 staff,31.13330106053633,88.22631293304585,5,0,17.660071170504814,intermediate,MeAt,17.074441570762573
2024-05-26,476 meals,8 staff,,36.74315593749155,6,0,6.4232858317385055,intermediate,Bakery,29.393494382474998
2024-05-27,336 meals,15 staff,34.95256594804313,46.11029503517012,0,1,10.469416109169408,EXPERT,MeAt,18.204869175324333
2024-05-28,392 meals,8 staff,19.829929705137356,59.54410555226014,1,0,35.56147292669887,Beginner ,VEGETABLES,27.186923002953954
2024-05-29,235 meals,19 staff,15.807016537193995,80.20378116862716,2,1,5.721516380185778,Beginner,Rice,14.515320831663692
2024-05-30,433 meals,7 staff,23.22383035989172,39.820539823783676,3,1,42.37013196385445,Beginner ,VEGETABLES,36.20956784416949
2024-05-31,215 meals,11 staff,17.60161339657894,46.617277087476594,4,1,8.456985297889496,Beginner ,Rice,14.956829655593584
2024-06-01,319 meals,7 staff,15.448517783241103,33.94789306771434,5,1,36.96952376813833,intermediate,Bakery,28.545688348249232
2024-06-02,194 meals,16,22.208536542829723,72.3591159630491,6,0,40.94466163773883,Beginner ,MeAt,19.86002756956175
2024-06-03,211 meals,7 staff,30.67476502150473,44.29256612853697,0,0,42.64542339401788,Beginner,dairy,18.762897629343783
2024-06-04,283 meals,15 staff,26.323613824501418,53.320485040257026,1,0,39.6990809398389,Beginner,dairy,24.890731096054317
2024-06-05,433 meals,14 staff,21.25555978420708,56.62208682178007,2,0,16.50200157701773,EXPERT,Rice,23.163477109058853
2024-06-06,177 meals,9,28.086840109854393,83.47883613638734,3,0,18.32348525353908,EXPERT,Rice,15.644691630760034
2024-06-07,257 meals,9,19.640363606176216,54.67981741987421,4,0,22.06182794440304,Beginner ,VEGETABLES,22.091291815772156
2024-06-08,193 meals,18 staff,15.287628921441701,38.71350119491494,5,1,10.571867576284033,EXPERT,dairy,13.339650223241618
2024-06-09,489 meals,10 staff,30.287067728728548,61.45889630040726,6,1,5.8908982026889545,EXPERT,VEGETABLES,26.214435017488444
2024-06-10,435 meals,12,27.474861697280183,87.77747967891779,0,0,39.76486457124138,EXPERT,Bakery,32.74816163583722
2024-06-11,480 meals,14 staff,30.2460524900192,66.46113846304866,1,0,27.165148648418253,EXPERT,dairy,35.09059240314186
2024-06-12,277 meals,10 staff,,89.00323322763435,2,1,29.348917687128655,Beginner,Bakery,17.1632690902056
2024-06-13,497 meals,19 staff,31.742392556613044,80.4664385363322,3,0,42.07953899271181,Beginner ,MeAt,33.85540857782307
2024-06-14,380 meals,16 staff,27.390524000726067,32.15794537280477,4,0,31.604807124544628,EXPERT,VEGETABLES,33.96164204556415
2024-06-15,339 meals,5 staff,-10.0,69.50397572262251,5,0,32.634140173592534,EXPERT,Rice,22.97536393966676
2024-06-16,374 meals,19 staff,27.492280962290632,47.206012653473024,6,0,36.47874593746969,EXPERT,dairy,31.236734278651138
2024-06-17,432 meals,12 staff,32.28866493736729,63.577011338683434,0,0,9.65393799429615,Beginner,VEGETABLES,26.70655172323961
2024-06-18,270 meals,12 staff,26.73873013117814,46.76071145587359,1,1,19.406486128551663,Beginner,Rice,13.543192625020506
2024-06-19,265 meals,13 staff,26.619007597763584,50.93222499631742,2,0,43.728317108134654,intermediate,MeAt,21.1656015040304
2024-06-20,382,13 staff,34.81358314131532,85.39012270525076,3,0,41.91720312402426,EXPERT,dairy,35.46930395899798
2024-06-21,408 meals,6 staff,30.13460334137136,42.39859109350232,4,0,40.36301185240739,intermediate,Bakery,29.590072559958
2024-06-22,347 meals,19 staff,23.845876109022704,82.44654708154982,5,0,23.0835404135589,EXPERT,MeAt,21.43816726477321
2024-06-23,286 meals,6 staff,29.147940000658554,31.827468484229808,6,1,39.287718143472226,Beginner ,Rice,24.523686997994318
2024-06-24,467 meals,7 staff,22.78460943383577,35.4525923021789,0,0,6.935835277830624,intermediate,dairy,22.519304453811234
2024-06-25,314 meals,5 staff,19.57750924966998,81.28050248305581,1,0,10.940696970284698,Beginner,dairy,20.561012127118897
2024-06-26,374 meals,8 staff,26.937037537755188,67.83336185455173,2,0,21.558707939362165,EXPERT,MeAt,21.62149970463813
2024-06-27,456 meals,18 staff,,74.83416828237301,3,0,24.335682667285056,EXPERT,dairy,24.2034232158631
2024-06-28,383 meals,8 staff,33.58279040030925,42.56506024931126,4,0,15.540286140834274,Beginner,Rice,27.281155393822637
2024-06-29,321 meals,18 staff,21.838105562109806,62.22500733540621,5,0,19.259066833911497,Beginner ,MeAt,18.428987751594537
2024-06-30,301 meals,13 staff,25.5535493244339,74.23315341427829,6,0,11.51104404101475,EXPERT,Bakery,16.247256912303637
2024-07-01,464 meals,13 staff,19.232717971397225,67.63884822061576,0,0,24.565361268636288,Beginner ,MeAt,33.05918218445825
2024-07-02,309 meals,13 staff,34.91262218997767,58.30192601347257,1,0,36.75373171471445,Beginner ,MeAt,26.686851179679174
2024-07-03,245,14 staff,34.62235815735872,87.58702718626289,2,1,31.454415746452227,EXPERT,Bakery,25.02334849976667
2024-07-04,382 meals,11 staff,27.990178594148947,70.56944000720671,3,1,9.31168989462165,EXPERT,Rice,24.428933283346698
2024-07-05,329 meals,18 staff,31.088281193549467,84.46504801447426,4,0,24.503264135868644,Beginner ,VEGETABLES,22.44068730378522
2024-07-06,262 meals,19 staff,29.302003225674,73.78623069442088,5,0,32.905855311189,EXPERT,VEGETABLES,26.037516240814753
2024-07-07,467 meals,6,26.863164380789364,74.12781171586099,6,0,26.195811862157647,EXPERT,Bakery,31.71206300202646
2024-07-08,201 meals,14 staff,16.066959939777952,34.801096185460764,0,0,20.66702386142196,Beginner,Rice,14.454943432355552
2024-07-09,417 meals,9 staff,24.09528685105322,51.567877311236614,1,0,29.87657685135513,intermediate,dairy,30.68417792431208
2024-07-10,444 meals,8 staff,28.49572604334821,81.5021644031795,2,0,43.74554661201102,EXPERT,Bakery,31.39527642407583
2024-07-11,262 meals,16 staff,28.550632277673692,43.95623172892536,3,0,8.79631639064312,EXPERT,VEGETABLES,18.24043802461911
2024-07-12,250 meals,15 staff,22.46245236844767,36.93035196938797,4,0,20.60064242990243,EXPERT,Rice,20.792549094014145
2024-07-13,262 meals,12 staff,33.833839733160616,49.56636339832761,5,0,21.264234121843828,EXPERT,MeAt,19.840345561004657
2024-07-14,230 meals,6 staff,18.34714064473562,43.22627309355684,6,0,28.07869241873484,intermediate,Rice,14.168788650908505
2024-07-15,336 meals,10 staff,25.00718892431121,85.5172916875893,0,0,11.086984075276716,Beginner ,Rice,23.58930958393836
2024-07-16,262 meals,17 staff,28.817679531016456,82.07799852012786,1,0,12.065721194818781,Beginner,VEGETABLES,18.030994411218014
2024-07-17,151 meals,9 staff,28.942716117836184,59.98099381697425,2,0,16.414455439914185,EXPERT,VEGETABLES,12.405461591340602
2024-07-18,279 meals,19 staff,27.97277913537631,33.68063246903208,3,0,43.234801730740784,intermediate,dairy,26.378441081685114
2024-07-19,369 meals,16 staff,20.505764269037204,72.87374076558937,4,0,34.3643432492361,Beginner,dairy,27.14914529285402
2024-07-20,203 meals,6 staff,18.12413137373244,67.40470388017587,5,0,31.46773206766013,EXPERT,Bakery,18.556907332737673
2024-07-21,492 meals,15 staff,,88.23328024370974,6,1,37.67830749577049,EXPERT,MeAt,38.21114232741657
2024-07-22,373 meals,14 staff,26.986042322788755,63.53719441622262,0,0,10.103058756667718,Beginner ,dairy,20.130739498333256
2024-07-23,374 meals,19 staff,18.58712020578482,50.18362340417457,1,0,39.37331278895007,EXPERT,VEGETABLES,29.68908740829578
2024-07-24,275 meals,5 staff,29.102782911411268,61.14130161471334,2,0,28.79330855550016,EXPERT,Rice,22.005212737729536
2024-07-25,279 meals,12 staff,24.10343983467313,88.75579748427097,3,1,18.41316029835742,intermediate,Bakery,19.17335630584704
2024-07-26,202 meals,6,28.35521183206306,71.78174595198183,4,0,37.634210229827616,Beginner,dairy,19.53682732026922
2024-07-27,321 meals,11 staff,31.747341595403014,70.31856827562306,5,0,37.102581373944965,Beginner,Rice,26.6701760805483
2024-07-28,367 meals,13 staff,18.394568571538464,44.440895383553126,6,1,38.82834326866909,EXPERT,Rice,31.02844481830419
2024-07-29,309 meals,13 staff,15.382897359936734,74.61615105363705,0,0,9.620716004279286,EXPERT,dairy,15.621801001880197
2024-07-30,347 meals,12 staff,30.582051727915736,75.01630976830631,1,0,43.77444979983104,Beginner ,MeAt,29.985623088103424
2024-07-31,396 meals,15 staff,27.19394850305232,49.03733902655432,2,0,43.38504615158924,intermediate,MeAt,38.60846646684007
2024-08-01,473 meals,18 staff,28.992791392442435,59.02282994344279,3,0,19.29878582006966,EXPERT,Bakery,29.250202725406673
2024-08-02,352,16 staff,31.76309949977285,47.67619997642736,4,1,7.635760728476786,intermediate,MeAt,17.0994590839571
2024-08-03,333 meals,14 staff,31.05621869649001,45.5223042194572,5,0,11.682226778751428,Beginner,Bakery,17.012432581746886
2024-08-04,272 meals,13 staff,34.21840293857649,31.55376421496911,6,0,44.71323301778788,Beginner ,VEGETABLES,23.21838468923829
2024-08-05,404 meals,6 staff,25.718701577042363,47.11270467919992,0,0,27.520517726866522,intermediate,dairy,33.33750500307673
2024-08-06,443 meals,10 staff,24.769912653198105,63.238196992696494,1,0,19.264871953042082,EXPERT,Rice,30.95352875506166
2024-08-07,429 meals,8 staff,23.0377439978146,30.09607125294173,2,0,16.528107754001553,Beginner ,Bakery,22.539557123927825
2024-08-08,474 meals,18 staff,18.07382085688409,46.993145028580045,3,0,15.279669412437901,EXPERT,MeAt,28.92501970674609
2024-08-09,247 meals,8 staff,26.45214465764045,82.88461993939501,4,0,31.566110602179283,EXPERT,Bakery,25.494341356762515
2024-08-10,347 meals,9 staff,,65.61891510644165,5,0,21.775513260787438,intermediate,Bakery,23.761249644013823
2024-08-11,389 meals,16 staff,33.42615024425951,66.47176944485884,6,0,43.61642797474446,Beginner ,MeAt,31.060086384239533
2024-08-12,293 meals,7 staff,26.663816085541953,54.2018583015812,0,0,32.35372122581445,EXPERT,MeAt,31.07881531317939
2024-08-13,246 meals,18 staff,26.856803610162203,70.58832860954466,1,0,36.68178364195845,Beginner ,dairy,17.588500621610976
2024-08-14,350 meals,5 staff,22.098493217540202,41.395965973821546,2,0,16.709661943326395,Beginner ,Rice,30.41064090298838
2024-08-15,273 meals,12 staff,16.03978703955415,79.1248086230515,3,0,8.167456364345034,Beginner ,dairy,16.28023453587303
2024-08-16,336 meals,9 staff,15.634875307459772,37.001347196153986,4,0,24.512913495275242,intermediate,dairy,28.025164439466124
2024-08-17,475 meals,7 staff,23.466702883063952,69.36008127918656,5,0,17.583261861849092,EXPERT,MeAt,25.42313902070775
2024-08-18,498 meals,14 staff,16.691307561944758,50.46895954918098,6,0,13.083326600316948,Beginner,MeAt,26.648245085947153
2024-08-19,408 meals,18 staff,27.136939110802782,74.8507782349486,0,0,43.10568523203445,Beginner,Rice,30.09183534145093
2024-08-20,297 meals,11 staff,32.61946011279315,62.9858730759612,1,1,22.759528573681212,intermediate,Bakery,21.37476503507699
2024-08-21,401 meals,11 staff,32.65829633037444,57.141182308722975,2,0,11.988343681951426,intermediate,dairy,24.569681524911708
2024-08-22,495,5 staff,28.18090820264465,40.16534412559482,3,0,12.946026107245565,Beginner ,Rice,31.834213821981535
2024-08-23,296 meals,16 staff,19.224636629458622,68.20928785706117,4,0,16.22838969858376,EXPERT,dairy,14.53415011446882
2024-08-24,297,13 staff,32.25993662717744,88.48619060522478,5,0,44.97265072758851,EXPERT,Bakery,28.81244703150282
2024-08-25,348 meals,19 staff,32.72186870626416,79.5362054944209,6,0,15.720460020783893,EXPERT,dairy,24.800864610083096
2024-08-26,457 meals,6 staff,18.933071699059173,33.60049155534071,0,1,18.152072183138145,EXPERT,VEGETABLES,31.542179568434438
2024-08-27,277 meals,9 staff,60.0,52.57376270167147,1,0,31.373125119360058,Beginner,Rice,21.940379690937732
2024-08-28,188 meals,17 staff,20.73039097854246,85.53498055141631,2,0,16.758455056411933,EXPERT,MeAt,13.143307924834238
2024-08-29,487 meals,18 staff,31.052806247058594,60.18262485342129,3,0,13.632170042387735,EXPERT,dairy,28.16357739321088
2024-08-30,278 meals,9 staff,34.94475799807205,69.72670954849076,4,0,11.345487465983947,Beginner,Rice,17.861804353025956
2024-08-31,416 meals,18 staff,15.600520106587856,84.75596073548343,5,0,17.507306601111686,Beginner,Rice,29.959985415208244
2024-09-01,300 meals,12 staff,32.94731731581864,82.42768142519284,6,0,9.236627585150941,EXPERT,dairy,14.140701393174242
2024-09-02,447 meals,18 staff,27.45261067197316,60.10922253243066,0,0,5.745863456591316,EXPERT,MeAt,21.71499786615775
2024-09-03,248 meals,12 staff,34.467652383296425,56.25877815945613,1,0,37.18566789338709,EXPERT,MeAt,19.56146643607983
2024-09-04,412 meals,18 staff,24.300190350528553,50.381557108775226,2,0,10.515797696583062,Beginner ,dairy,25.038001564089953
2024-09-05,401 meals,11 staff,31.947758611427474,73.14116658977346,3,0,36.03907399260969,Beginner ,Rice,34.16582677456705
2024-09-06,293 meals,11 staff,,47.219207968292594,4,0,36.90169915946639,Beginner ,MeAt,21.457609484729076
2024-09-07,495 meals,16,21.705581001565914,44.99325638585401,5,0,26.516781053169723,intermediate,dairy,32.97114423663953
2024-09-08,261 meals,15 staff,,51.37499367622681,6,0,17.387278332518058,Beginner ,dairy,21.353193219689906
2024-09-09,209 meals,10 staff,34.50686266958141,40.63290341272752,0,1,10.801309349995538,EXPERT,dairy,16.04403321385776
2024-09-10,151 meals,10 staff,31.339478145436736,71.70718895674604,1,0,34.47220426883996,intermediate,Rice,20.20992285424746
2024-09-11,453 meals,15 staff,32.05094842491941,66.97443895983673,2,1,29.055479439271437,intermediate,MeAt,27.797017563101686
2024-09-12,403 meals,13 staff,33.75930462867788,58.97271204695062,3,1,31.218138259742567,Beginner ,Rice,31.823744710677175
2024-09-13,289 meals,10,16.702069722395706,53.419546755693275,4,1,5.346763593805242,EXPERT,VEGETABLES,15.496252525086541
2024-09-14,186 meals,16 staff,,84.54375257380389,5,0,42.10068062831298,Beginner,MeAt,25.140689632156736
2024-09-15,309 meals,17 staff,16.420697780880044,31.747427099346318,6,0,7.65160749786201,EXPERT,Rice,19.0929819150628
2024-09-16,158 meals,17 staff,19.215862031000572,76.14646461043796,0,0,19.672235405600226,EXPERT,MeAt,11.355168331751024
2024-09-17,382 meals,6 staff,19.587315540753448,84.11457430493333,1,0,21.108465986068012,intermediate,VEGETABLES,26.26897566248392
2024-09-18,248 meals,6 staff,,56.78127476579556,2,0,5.054220979917954,intermediate,Bakery,16.371814475332624
2024-09-19,296,17 staff,60.0,63.041429488238805,3,0,24.883572374031885,intermediate,dairy,20.74597950497506
2024-09-20,453,9 staff,60.0,86.66782127292228,4,0,35.1123597804404,EXPERT,Rice,33.57011391049496
2024-09-21,357,19 staff,18.349821781882156,42.736650917130866,5,0,37.93074612459088,EXPERT,VEGETABLES,25.21939510653032
2024-09-22,280 meals,8 staff,17.94551127104182,61.2080908670811,6,1,40.17587973223537,Beginner,VEGETABLES,27.699859723562646
2024-09-23,301,15 staff,34.46153595824597,58.483267627692776,0,0,24.50875473261478,intermediate,MeAt,22.233835278906284
2024-09-24,203 meals,6 staff,30.185850138369474,45.50355887222221,1,0,30.22544762118602,Beginner ,MeAt,21.95989346424439
2024-09-25,269 meals,19,34.35522930539124,79.11559382238647,2,0,8.18078853185995,intermediate,dairy,17.466836977190127
2024-09-26,310 meals,19 staff,23.79480973015817,83.97603568579416,3,1,24.521528971269998,EXPERT,MeAt,21.634939109566353
2024-09-27,265 meals,7 staff,20.567369633253133,76.91595478729253,4,0,11.19263019486941,intermediate,Rice,14.068682393409205
2024-09-28,224 meals,11 staff,30.965863944183734,41.7215376509165,5,0,19.785724704900858,EXPERT,Rice,13.90651690949321
2024-09-29,262 meals,12 staff,21.525078360822935,35.204918130082895,6,0,18.172212514583972,intermediate,Rice,17.02939775602892
2024-09-30,253 meals,16,20.987667474106964,66.32666911832054,0,1,21.941623089660325,Beginner ,Bakery,21.893777035255372
2024-10-01,489,17 staff,19.650119844156624,33.42568563059304,1,0,27.865464718965303,Beginner,Rice,27.540837354577654
2024-10-02,403 meals,10 staff,17.593579564484706,70.36955331348506,2,0,41.115065882519836,Beginner ,MeAt,29.37734543183916
2024-10-03,376 meals,15 staff,20.12926122033532,61.82545321963456,3,0,20.779385253900212,EXPERT,MeAt,27.610813856141185
2024-10-04,261 meals,9 staff,22.106394969477755,69.7671439646198,4,0,44.24524782846203,EXPERT,Rice,30.310431157792856
2024-10-05,248 meals,17 staff,28.47988416291461,65.41024641898464,5,0,35.36112192204811,Beginner ,VEGETABLES,20.05886052694326
2024-10-06,302 meals,5 staff,16.25129684438903,55.362154171630365,6,1,25.45924187153533,intermediate,VEGETABLES,19.5973453431159
2024-10-07,498 meals,12 staff,19.21013879330686,42.052630808413696,0,1,30.761057484477764,Beginner,VEGETABLES,38.34979796405904
2024-10-08,487 meals,7 staff,31.180472805833528,48.342128148629314,1,0,9.08896684527778,intermediate,dairy,26.70590679488119
2024-10-09,343 meals,19 staff,17.938438471675415,61.47003445313859,2,0,38.780861252546195,intermediate,Bakery,26.100631238382398
2024-10-10,459 meals,10 staff,21.85290293045043,69.11208561885636,3,0,28.294298202558636,Beginner ,Rice,34.572143128933455
2024-10-11,312 meals,7,32.2931784371628,76.76898101307171,4,0,44.44269920838407,Beginner,dairy,30.44325215232722
2024-10-12,357,11 staff,18.098506222868853,76.03024310694366,5,0,30.457149750113963,EXPERT,VEGETABLES,29.197107004940104
2024-10-13,318 meals,17,16.6547367123638,88.36132459566512,6,0,38.364463330653,intermediate,Rice,24.882020253916863
2024-10-14,310,18 staff,24.690759901600217,47.150486919804564,0,0,36.990509711809594,Beginner,dairy,27.721628936780792
2024-10-15,217 meals,11 staff,21.048390225570728,34.266642492806206,1,0,18.818446058730753,EXPERT,MeAt,20.234392300388706
2024-10-16,438 meals,16,,50.73941613251156,2,0,15.384425009328467,intermediate,VEGETABLES,28.437710584743197
2024-10-17,426 meals,19 staff,31.076097809669502,74.5976685134446,3,0,22.2197433372604,Beginner,dairy,30.725532756237385
2024-10-18,453 meals,13 staff,17.742969763054862,56.28669906199771,4,0,23.689653776353484,Beginner ,MeAt,33.96632378279475
2024-10-19,284 meals,9 staff,26.613981691085698,79.06730583536516,5,0,14.603388077465755,intermediate,VEGETABLES,19.864025582505793
2024-10-20,344 meals,19 staff,25.110175207797276,62.959581911160896,6,0,40.783914934038876,intermediate,Bakery,27.739811698064166
2024-10-21,277 meals,12,17.881575720263992,85.78750335783019,0,1,26.70191449202584,Beginner,VEGETABLES,24.491907808203614
2024-10-22,182 meals,14 staff,27.47996971057965,86.87180651994413,1,0,44.13777568614278,intermediate,Bakery,19.02421665314096
2024-10-23,325 meals,14 staff,20.472808357215435,34.15827036112492,2,1,37.400711121850534,EXPERT,Bakery,26.803254854922034
2024-10-24,171 meals,12 staff,24.75668637088025,57.38480638274546,3,1,27.22819441567784,intermediate,Bakery,18.482696012090834
2024-10-25,387 meals,5,16.64544648554124,66.58134367497408,4,0,42.88161112577437,EXPERT,Rice,22.56234666986346
2024-10-26,307 meals,16 staff,24.19168114427246,45.352352448732766,5,0,25.19499260381228,EXPERT,Rice,23.66588787718309
2024-10-27,187,9 staff,21.129269360856405,54.42460676273882,6,0,40.48426050074682,Beginner,Bakery,22.394156366007476
2024-10-28,379 meals,7 staff,31.447624223707088,70.6608924670619,0,1,19.32579124783222,EXPERT,MeAt,21.33993260966283
2024-10-29,200 meals,5,16.139574539947365,43.604053613901684,1,1,20.14569533616376,EXPERT,Bakery,17.02129037609707
2024-10-30,413 meals,8,23.3721454983666,66.11888117846715,2,0,21.725227318837245,EXPERT,dairy,27.737413699419346
2024-10-31,432 meals,12 staff,24.168628482628762,71.84686968985837,3,0,26.865025837729846,intermediate,Bakery,29.761423092469876
2024-11-01,176 meals,7 staff,29.500121525982372,35.429778665752,4,0,27.139610807952963,intermediate,Rice,20.510184653671423
2024-11-02,375 meals,14 staff,26.48575150180422,59.851758961647164,5,0,24.855956867083368,Beginner ,Rice,28.843515129676614
2024-11-03,426 meals,6 staff,28.344246743883623,45.78480179545144,6,0,17.2400389433267,EXPERT,dairy,28.391960235138033
2024-11-04,435 meals,15 staff,30.540985713035123,73.46318135988267,0,0,42.08825859163324,Beginner ,dairy,31.303812989761383
2024-11-05,246 meals,13 staff,32.24405947316377,41.37333051221643,1,0,28.54344389397017,EXPERT,VEGETABLES,20.811009162639905
2024-11-06,433 meals,14 staff,21.277509934449412,83.53427493228638,2,0,21.309568647663795,intermediate,MeAt,31.596174813416837
2024-11-07,466 meals,9 staff,25.760454107278058,55.856480191099614,3,0,31.04707842974473,intermediate,MeAt,31.970138063879542
2024-11-08,453 meals,18 staff,31.802161568783998,41.88018181845321,4,0,35.718670312392206,intermediate,MeAt,38.02838715195838
2024-11-09,296 meals,11 staff,34.78902261930113,56.28130778101976,5,1,43.429123529129726,Beginner,Rice,29.836317277943422
2024-11-10,153 meals,15 staff,32.79038622087526,54.52462576851167,6,0,24.981966490703304,EXPERT,MeAt,20.273271635887724
2024-11-11,184 meals,15 staff,,55.735137569622616,0,0,9.483940414030352,intermediate,VEGETABLES,8.843185455254734
2024-11-12,341 meals,6 staff,18.903330344373007,65.13367760984681,1,0,22.630632057461654,EXPERT,VEGETABLES,23.375217001364376
2024-11-13,198 meals,13 staff,24.787850748131774,61.27042349481225,2,0,24.158822458138857,intermediate,MeAt,16.967253668417502
2024-11-14,166 meals,17 staff,29.832829036720845,38.98662790085416,3,0,40.879763127426955,EXPERT,dairy,22.3824488575337
2024-11-15,321 meals,13 staff,24.85138141506595,33.93474435879818,4,0,20.792030738518122,EXPERT,VEGETABLES,20.071816475907898
2024-11-16,369 meals,8 staff,24.66361726627337,73.76492692359244,5,0,43.13297059548554,Beginner ,dairy,26.567070058536228
2024-11-17,307 meals,8 staff,31.764608421636012,63.58304615569881,6,0,24.40527630857339,Beginner,Rice,23.806176013507397
2024-11-18,195 meals,10 staff,22.228075581343727,51.54004608475582,0,0,43.95122003915716,Beginner ,VEGETABLES,21.835946267986948
2024-11-19,155,14 staff,32.19589349623291,78.50146934988443,1,0,5.327932845238488,EXPERT,dairy,7.936288728171044
2024-11-20,248 meals,14 staff,23.136096019034472,53.28350845565742,2,0,40.952614992253864,intermediate,MeAt,22.607357751592367
2024-11-21,382 meals,14 staff,21.56466211356679,77.75790537603646,3,0,42.244818077734024,EXPERT,Rice,32.14511169687243
2024-11-22,186 meals,10,,48.34536765074248,4,0,43.44083743060853,Beginner,Bakery,19.10167864232013
2024-11-23,429,16 staff,30.24893917349737,34.370717852711984,5,0,5.523061366984594,EXPERT,Bakery,22.524331168991303
2024-11-24,498,5 staff,17.520040557279884,85.95838162799575,6,0,11.86803346201236,intermediate,MeAt,25.974271093840244
2024-11-25,451,18 staff,18.928384317440347,53.67306775688239,0,0,31.150580123729448,Beginner ,Rice,30.067641795159517
2024-11-26,330,18 staff,34.02889651326184,77.56155437096268,1,0,6.018907669404285,EXPERT,Rice,19.36710285514016
2024-11-27,244,13 staff,18.50983254762715,46.74864799333827,2,0,7.544359847060029,Beginner ,Rice,16.417537540426395
2024-11-28,248 meals,6 staff,26.354546358621093,68.78190672741937,3,0,13.843154947737677,intermediate,Rice,15.634631704405976
2024-11-29,337 meals,9 staff,26.586289333238756,82.3986523954637,4,0,25.497590749755368,intermediate,Bakery,27.402768405443222
2024-11-30,265 meals,13 staff,24.792489241004894,32.49864134039882,5,1,26.8361023706723,Beginner,dairy,18.38268993839036
2024-12-01,340 meals,8 staff,27.89490497153637,79.83814588116536,6,1,6.370444911740174,EXPERT,Rice,14.35143765852109
2024-12-02,402,15 staff,19.59653451595237,64.27998029831572,0,0,11.814690031261247,EXPERT,dairy,19.635431449830953
2024-12-03,310 meals,7 staff,,66.44830523451415,1,1,24.988226933386212,Beginner ,Rice,19.770247703674336
2024-12-04,405 meals,19 staff,22.443465104937943,61.38948004835896,2,0,28.75762483773621,EXPERT,VEGETABLES,24.93860774897202
2024-12-05,472 meals,11 staff,,82.46850619701854,3,0,10.936067859448615,EXPERT,VEGETABLES,32.94428211152332
2024-12-06,277,10 staff,17.82447086746299,32.60600143413825,4,0,20.953656477878827,Beginner,VEGETABLES,15.485434580574376
2024-12-07,167 meals,12,26.417548336789523,45.661703492150885,5,1,41.176057460678095,intermediate,Rice,23.51510394839417
2024-12-08,430 meals,7 staff,18.705407107666474,82.54575233154932,6,0,44.95597148184688,Beginner,dairy,34.91140489723224
2024-12-09,372 meals,9 staff,20.572861262300727,75.14074215191735,0,0,44.48857819324565,EXPERT,Bakery,32.62037485872743
2024-12-10,203 meals,14,19.374196006471664,31.05870961071635,1,0,40.2669804114749,intermediate,MeAt,19.512904985311074
2024-12-11,207 meals,8 staff,18.656755597376343,61.02037699258252,2,0,20.786403517997833,Beginner,Bakery,17.5622792300834
2024-12-12,472 meals,19,31.51421903121334,61.77436084276049,3,0,32.462971682991366,Beginner ,Rice,30.597135839685315
2024-12-13,323 meals,17 staff,20.714151353217808,54.052928107674624,4,0,21.663689111367948,EXPERT,VEGETABLES,25.417405279495725
2024-12-14,429,8 staff,33.54247563728899,47.84359992371938,5,0,30.941081072968114,EXPERT,VEGETABLES,33.74886475545314
2024-12-15,263 meals,8,34.39853050690382,70.90349102474053,6,0,17.37729883877933,Beginner,dairy,17.958603841036034
2024-12-16,437 meals,14 staff,26.42520939874195,42.46742788228523,0,0,29.24809014441328,EXPERT,Rice,30.416334727261148
2024-12-17,491 meals,12,17.860022453314528,77.93691372430237,1,0,25.950339862113996,EXPERT,Bakery,33.633273656914696
2024-12-18,300 meals,10 staff,22.490964867591625,78.18222964604831,2,0,5.979210632527998,EXPERT,Rice,17.938591473931762
2024-12-19,276 meals,7 staff,30.95464526696428,54.915686254369234,3,0,36.62811614984455,EXPERT,Rice,27.860873964354212
2024-12-20,304 meals,14 staff,,47.01288065457886,4,1,5.475913289806225,EXPERT,VEGETABLES,19.830311762572766
2024-12-21,422 meals,9 staff,16.740344366055776,47.03269089544279,5,0,16.72623769013207,Beginner,Bakery,26.031348515002275
2024-12-22,253 meals,10 staff,26.13569821856376,58.9374794397726,6,0,5.236962618160095,EXPERT,MeAt,12.789415330583195
2024-12-23,448 meals,9 staff,,73.17475348496153,0,0,20.048056531807926,Beginner ,VEGETABLES,30.84927632312681
2024-12-24,395 meals,10 staff,30.918527742870047,51.532121459631526,1,0,7.526421126565572,EXPERT,Bakery,21.53906909130737
2024-12-25,325 meals,12 staff,,66.60260072746509,2,1,41.540438673249646,EXPERT,dairy,29.053363428834473
2024-12-26,188 meals,11 staff,28.455292288249332,52.94906763495566,3,0,21.627171806514745,EXPERT,VEGETABLES,17.479100213507696
2024-12-27,319 meals,9 staff,19.41008526871294,48.271391349083004,4,0,23.379830994576402,intermediate,dairy,25.890620214598993
2024-12-28,396,14 staff,,31.49157095494765,5,0,18.994009443634194,intermediate,VEGETABLES,26.28074725881512
2024-12-29,175 meals,10 staff,32.481435466103704,30.23484634412344,6,0,30.10024616807065,EXPERT,Rice,16.018480012799536
2024-12-30,455 meals,18 staff,19.993379054804603,43.63246066992026,0,0,36.37632466472815,EXPERT,Bakery,39.0539284310118
2024-12-31,162 meals,8 staff,20.264946930360225,54.384377208059725,1,0,30.925869721959117,intermediate,dairy,21.968786351217968
2025-01-01,465 meals,16,15.013067815225991,81.07567004172361,2,0,34.9282847358051,EXPERT,VEGETABLES,30.674475348984032
2025-01-02,462 meals,13 staff,32.41338068251035,77.90905457582552,3,0,41.23894654037042,EXPERT,dairy,32.736369231338024
2025-01-03,185,17 staff,30.851896264182695,46.02991575527939,4,0,39.54186126685715,EXPERT,VEGETABLES,18.75451793447992
2025-01-04,322 meals,8 staff,27.54657870181356,44.67242657905796,5,0,31.962338110147833,EXPERT,VEGETABLES,28.234354108188782
2025-01-05,169,5 staff,30.005315278776845,43.63932426420165,6,0,13.585518516177144,intermediate,MeAt,18.031085130023644
2025-01-06,470 meals,11 staff,18.040971348489837,50.35424043173202,0,0,30.508114041677153,EXPERT,MeAt,31.133614410989495
2025-01-07,413 meals,11,24.16647189175151,59.89192317370112,1,0,25.243323829620437,intermediate,MeAt,28.730802222632853
2025-01-08,291 meals,8 staff,22.02438774697562,56.32006632189453,2,0,33.6887692404168,EXPERT,dairy,22.39881319132728
2025-01-09,292 meals,17 staff,,43.09639192688962,3,0,38.3172659357166,Beginner,Rice,31.19575807536385
2025-01-10,241 meals,18 staff,24.72260970429848,37.827084596617084,4,0,34.7088598874567,intermediate,VEGETABLES,24.93714299186646
2025-01-11,471 meals,7 staff,33.414793006852705,30.754668749171724,5,0,38.86244679845141,intermediate,Bakery,32.734827347823845
2025-01-12,437 meals,12 staff,15.80118238101389,39.23779431999023,6,0,7.554654933640954,Beginner ,MeAt,17.809373147235227
2025-01-13,364 meals,9 staff,20.829218269875877,72.32138221164709,0,0,6.264801529498558,intermediate,dairy,23.192201632134267
2025-01-14,491 meals,14 staff,19.150818724114067,44.618314160734975,1,0,15.340022707983758,EXPERT,dairy,27.434552393751847
2025-01-15,200 meals,11 staff,19.762933073313924,58.116108607290585,2,0,41.026643364345134,EXPERT,dairy,24.836189516936315
2025-01-16,302 meals,8 staff,,65.47806893539467,3,0,37.94637003935895,Beginner,Bakery,27.364982022358927
2025-01-17,335 meals,8 staff,24.361381084685803,83.21045416989642,4,0,32.309091911812466,EXPERT,Bakery,20.939839475371585
2025-01-18,212 meals,12 staff,24.325988258796375,83.33130590360517,5,0,33.03034669758864,EXPERT,MeAt,18.088773813855507
2025-01-19,339 meals,18,30.211512849105645,74.74402402088154,6,0,34.0668187703285,EXPERT,Bakery,26.107611569240316
2025-01-20,274 meals,12 staff,18.089844080098516,32.10941952291009,0,0,42.70410801938988,EXPERT,MeAt,24.483862438062978
2025-01-21,299 meals,6 staff,24.745307082001016,64.50422514512489,1,1,38.2876460923023,Beginner,Bakery,26.784798682346846
2025-01-22,463,18 staff,23.599704282421193,77.19500824989039,2,0,29.9356154810819,Beginner ,Bakery,33.33482898277853
2025-01-23,207 meals,6 staff,26.93821381093312,31.03728268580179,3,0,31.62861741028562,intermediate,Bakery,25.206665035606928
2025-01-24,491 meals,7 staff,34.99115406500877,62.981076819394694,4,0,13.549610482444878,EXPERT,MeAt,30.03152357536287
2025-01-25,454 meals,19 staff,30.38897788164094,81.46584874716177,5,0,31.292753006250898,intermediate,VEGETABLES,36.5611290990349
2025-01-26,329 meals,16 staff,22.957314060348544,58.44612455053601,6,0,21.98716049673834,intermediate,MeAt,21.61569779239762
2025-01-27,319 meals,16 staff,31.55106104548094,30.246372173846908,0,0,11.11847482422975,EXPERT,VEGETABLES,22.781182687809952
2025-01-28,475 meals,7,18.414167266249603,30.660801500136447,1,1,37.25611276986297,Beginner ,dairy,33.783239559489104
2025-01-29,420,5 staff,15.609273726179202,54.99816224482503,2,0,25.409883992125827,intermediate,dairy,25.871914793210884
2025-01-30,203 meals,19 staff,19.088967449285462,39.30052004500527,3,0,44.09700166757686,EXPERT,MeAt,20.501270225639352
2025-01-31,250,18 staff,21.808231122285193,69.86703942559558,4,1,16.267174178980998,intermediate,VEGETABLES,9.454286478063896
2025-02-01,413 meals,7 staff,25.211615149191196,72.52795589436923,5,0,24.22680449220307,EXPERT,VEGETABLES,30.4802892164814
2025-02-02,202 meals,10 staff,27.302582810823996,40.67278772763771,6,0,22.919818186754725,Beginner,VEGETABLES,13.105360347006393
2025-02-03,209 meals,12 staff,33.21211434428844,83.3119973114691,0,0,9.831180897303149,intermediate,dairy,17.623789973032096
2025-02-04,257 meals,17 staff,25.197080191009153,56.51447069873555,1,0,22.04461115323118,Beginner ,MeAt,18.940721839007733
2025-02-05,154 meals,16 staff,25.025512892514588,38.57075445551543,2,0,16.502138256836997,EXPERT,Rice,7.986047232646822
2025-02-06,252,18 staff,16.004860196459642,75.85509588416373,3,0,11.412818854677376,EXPERT,VEGETABLES,12.670655167281787
2025-02-07,345 meals,14 staff,15.698231053124477,77.39847000100637,4,0,16.286223361445572,Beginner,VEGETABLES,22.707771835376665
2025-02-08,411,10 staff,26.023199238327443,68.35772835992745,5,0,14.33006765065568,Beginner,Rice,19.20914787756505
2025-02-09,499 meals,9 staff,23.76357226496689,81.20793319215318,6,1,34.362941240235116,intermediate,MeAt,37.02871739293363
2025-02-10,196 meals,19 staff,31.783607899605972,74.24237832184028,0,0,6.231007130366404,EXPERT,VEGETABLES,7.120305274931571
2025-02-11,460 meals,8 staff,18.213591694236904,82.93234423361943,1,0,29.698509916528852,Beginner ,MeAt,29.692623979365088
2025-02-12,457 meals,7 staff,15.499433242340992,56.03328290912877,2,0,35.42645368094426,EXPERT,VEGETABLES,34.074097110407955
2025-02-13,293 meals,17 staff,23.980775358602518,74.85582768596655,3,0,24.228938258758927,Beginner,Bakery,23.321513548147273
2025-02-14,418,8 staff,19.74957113504515,89.98509380574266,4,1,42.262599200316735,Beginner ,VEGETABLES,35.97193914887784
2025-02-15,273 meals,18 staff,15.992287466776748,73.49587185117716,5,0,33.31522780946141,EXPERT,Bakery,19.724930302299164
2025-02-16,255 meals,11 staff,29.49196573695258,36.85102681422793,6,0,34.916946052456694,EXPERT,MeAt,22.299725436700484
2025-02-17,307 meals,5 staff,17.231859999144948,61.09912334575098,0,0,12.87733949763481,EXPERT,VEGETABLES,22.49220035524282
2025-02-18,296 meals,11 staff,27.166390000155435,65.24086747458168,1,1,36.09182303356294,EXPERT,dairy,24.702911012020486
2025-02-19,294 meals,5 staff,20.620995003337782,40.45264050428346,2,0,38.28378944332459,EXPERT,dairy,27.067960186610765
2025-02-20,269 meals,6 staff,18.46992100710044,87.77349805068226,3,0,19.450655536239584,EXPERT,Rice,19.77251443620408
2025-02-21,468 meals,19,,40.53478665807698,4,0,13.534522721318849,EXPERT,dairy,31.36406827026913
2025-02-22,424 meals,8 staff,31.028915524459073,40.653475182793365,5,1,20.402027168144667,intermediate,Bakery,25.92288056791654
2025-02-23,241 meals,5 staff,22.841871538091453,84.9100282784733,6,0,34.58431876000549,EXPERT,dairy,18.255448841892544
2025-02-24,207 meals,15 staff,30.015392984221116,57.912325987300264,0,0,21.70556023474811,Beginner ,dairy,13.95805240001674
2025-02-25,495 meals,16 staff,17.509725935983013,33.79129675647097,1,0,34.46607500899152,intermediate,dairy,35.65635444264802
2025-02-26,378 meals,15,30.45542839330158,65.89124999631171,2,0,9.542581639101506,Beginner ,VEGETABLES,17.05415225274028
2025-02-27,266 meals,19 staff,,66.10958091798287,3,0,37.240468419539376,EXPERT,Rice,22.838898570659392
2025-02-28,467 meals,15 staff,28.547862597777456,33.87004552119371,4,1,15.128299265694295,Beginner ,MeAt,28.114738958630884
2025-03-01,428 meals,13,26.315631096819928,88.35134973801972,5,1,14.957159508583748,intermediate,Rice,23.587371538644902
2025-03-02,276 meals,16 staff,33.58289434423375,62.64179791767454,6,1,28.615238608154428,EXPERT,Bakery,23.36513132570633
2025-03-03,278 meals,10 staff,22.74645035950628,63.587743330785855,0,0,7.804721829879586,Beginner,VEGETABLES,18.41465183600873
2025-03-04,207 meals,17 staff,16.32330377668881,61.206924870143666,1,0,6.051909067386743,Beginner ,VEGETABLES,13.530298520074048
2025-03-05,271 meals,5 staff,15.383109711025059,66.6439067786772,2,0,15.44114661173797,Beginner,dairy,13.53982910336471
2025-03-06,150 meals,5 staff,31.53717121945506,45.857985166425294,3,0,26.52270202939291,Beginner ,dairy,15.694357171526754
2025-03-07,388 meals,10 staff,25.494712753228644,47.234480878490444,4,0,41.30465544900909,Beginner ,Bakery,32.26372355521898
2025-03-08,439 meals,8,30.504881036698986,60.680345387767964,5,0,38.857407052292274,EXPERT,VEGETABLES,32.46443176105021
2025-03-09,245 meals,8 staff,19.688512000230293,78.40115128581478,6,1,24.61785839683902,EXPERT,MeAt,20.57529055762082
2025-03-10,275,19 staff,21.901674910264674,32.991874589650735,0,0,6.482079747739711,intermediate,Rice,16.526897651558734
2025-03-11,267 meals,15 staff,,66.20425273321476,1,1,26.410109385172365,intermediate,VEGETABLES,21.000407104962807
2025-03-12,197 meals,19 staff,34.22984649148224,78.40668855037885,2,0,33.191823997011824,intermediate,MeAt,16.794732165063586
2025-03-13,238 meals,10 staff,28.357358134016266,39.41503632223363,3,0,18.56658130100135,EXPERT,MeAt,17.390111533400006
2025-03-14,386,19 staff,60.0,30.901352518833978,4,0,9.442532131266187,Beginner,Rice,27.733552422403093
2025-03-15,421 meals,18 staff,20.30992814858145,48.76279770848748,5,0,16.142718128226377,intermediate,MeAt,24.715894351420836
2025-03-16,338 meals,16 staff,27.229272224513217,65.28862240377589,6,0,35.86355457871256,Beginner,Bakery,30.800982748141788
2025-03-17,341 meals,15 staff,28.569999365852755,38.29699040428486,0,1,19.049753291333133,EXPERT,MeAt,22.881497049102805
2025-03-18,218 meals,11 staff,21.35099400515177,55.56734225834913,1,0,37.479259627428405,EXPERT,Bakery,19.741590962219444
2025-03-19,427,13,31.9621847003126,63.13928984245668,2,0,17.780858072299033,EXPERT,MeAt,25.79446732703157
2025-03-20,498 meals,14 staff,33.943229258004955,65.93298568543904,3,0,11.542201536552724,intermediate,dairy,28.312049339841515
2025-03-21,396 meals,9 staff,32.69710235392009,46.46470326002251,4,0,22.43393438054433,EXPERT,MeAt,28.495814713000016
2025-03-22,225 meals,13 staff,29.78133951878745,54.00177815917748,5,0,23.09098049156556,intermediate,Bakery,25.317430493927652
2025-03-23,303 meals,8 staff,20.54929359449908,76.70035374405353,6,0,5.644328741973479,EXPERT,MeAt,17.007292440634863
2025-03-24,293,17,20.632320842112634,86.47288164724114,0,1,9.681802908253045,EXPERT,MeAt,13.861963178601245
2025-03-25,235 meals,14 staff,34.26720640892076,81.71281986709543,1,0,12.397040750912698,Beginner ,MeAt,10.505380021439258
2025-03-26,334 meals,6 staff,15.20568991871384,63.857010104005916,2,0,9.543492695146995,Beginner ,Bakery,18.2976941005593
2025-03-27,434 meals,7 staff,29.32099946484289,54.617568176636794,3,0,18.661043016854553,EXPERT,MeAt,23.914049205106508
2025-03-28,369,17 staff,29.124923251105244,49.97739686228509,4,0,43.584914224680716,EXPERT,Rice,33.199193160022006
2025-03-29,218 meals,15 staff,27.453790818995948,37.497393965041084,5,1,25.36890153308312,Beginner,Rice,20.20643763044418
2025-03-30,196 meals,5,34.80217692173731,36.393074832966775,6,0,30.10224095482586,Beginner,Bakery,18.3927459895247
2025-03-31,243 meals,18 staff,21.237588715274505,71.30145749481946,0,1,19.255459140921126,EXPERT,dairy,19.89879705597515
2025-04-01,387 meals,18 staff,21.799437275864964,45.58766497026962,1,0,17.939510465725842,Beginner ,Rice,24.92613118302536
2025-04-02,353 meals,10 staff,16.57878805893111,45.279701185946806,2,0,5.925870876600334,Beginner ,VEGETABLES,25.030482649085172
2025-04-03,367 meals,17 staff,,89.89170326866714,3,1,25.013346227040895,EXPERT,Rice,27.732378707177368
2025-04-04,490 meals,10,20.220970524696963,41.27555747242772,4,0,24.34436027006665,EXPERT,VEGETABLES,34.4901593094648
2025-04-05,188 meals,5 staff,21.867734043552886,38.88358556932978,5,0,11.31322904724492,EXPERT,Bakery,8.449586481712762
2025-04-06,249 meals,15 staff,31.691435805112555,35.921113665595236,6,0,35.57296000826815,Beginner ,dairy,19.60818166079273
2025-04-07,438 meals,17 staff,33.70969027054991,64.78832071000777,0,0,24.70697321244012,Beginner,VEGETABLES,30.748607242045455
2025-04-08,403 meals,7 staff,18.71466144010371,67.67182956012608,1,0,18.55975880646293,intermediate,VEGETABLES,21.07025711731989
2025-04-09,371 meals,9 staff,22.450178631069317,51.91367557541292,2,0,10.876356360917079,EXPERT,Rice,19.939479379649818
2025-04-10,172 meals,7 staff,33.572611242307886,62.124800130688065,3,0,27.086433078840496,intermediate,VEGETABLES,20.26416776291731
2025-04-11,399,14,,77.30397185669474,4,0,35.112681043552385,Beginner,Bakery,28.546236913949333
2025-04-12,159,7 staff,16.84721056222757,79.0862500993049,5,1,16.279974107398868,Beginner,Bakery,9.204794113358329
2025-04-13,395 meals,18 staff,18.255819784124586,87.4747245429389,6,0,13.751774063068902,intermediate,Bakery,25.878162152838115
2025-04-14,474 meals,14 staff,26.904256682537493,79.45607915537246,0,0,25.87739856258308,EXPERT,Rice,37.68381630689746
2025-04-15,249 meals,7 staff,18.00944542011995,63.8904862030456,1,0,11.213732100400676,intermediate,dairy,13.388184159532589
2025-04-16,439 meals,9 staff,-10.0,40.77941795021076,2,0,31.664535463771397,EXPERT,Rice,35.12143803355993
2025-04-17,329 meals,17,23.934290545170406,35.98581346217054,3,0,29.213745117769218,EXPERT,Bakery,22.414598635637148
2025-04-18,372 meals,9 staff,25.03035920700333,33.27071339465155,4,0,8.483281983657145,EXPERT,Rice,20.807581251776107
2025-04-19,399 meals,8 staff,19.93317231610813,69.99154990712302,5,0,6.460815175254955,Beginner ,Bakery,21.68084573347305
2025-04-20,296,5 staff,24.41920504869467,78.45217532387959,6,0,29.811546103543396,Beginner ,MeAt,21.39751861081712
2025-04-21,245 meals,9 staff,,60.52103704104474,0,0,16.77175095954963,Beginner,MeAt,19.907711222509302
2025-04-22,406 meals,14 staff,30.023542739080856,33.2828504900184,1,0,8.457830126935942,EXPERT,VEGETABLES,18.218186306508468
2025-04-23,474 meals,9 staff,30.07736165419826,62.12823447548029,2,0,35.37714819825946,Beginner ,dairy,34.89828728995508
2025-04-24,153 meals,8,26.557822253881767,86.14495569147303,3,0,17.561760120705763,EXPERT,MeAt,16.141021770790513
2025-04-25,165,10 staff,33.08719549987714,65.85679145594763,4,0,23.383981985528944,EXPERT,Bakery,17.641685003391295
2025-04-26,429 meals,14 staff,31.348156946122188,78.5656493077689,5,0,14.472517098150771,intermediate,Rice,27.265400311802207
2025-04-27,485 meals,8 staff,60.0,78.00915890350504,6,1,30.092683134318584,intermediate,Rice,38.033703119899585
2025-04-28,396 meals,18 staff,60.0,85.92774598683917,0,0,17.059536614174377,EXPERT,VEGETABLES,24.259008883010257
2025-04-29,407 meals,11 staff,15.137559244392985,76.2137259389924,1,0,43.72083844910514,EXPERT,Rice,28.892073088881368
2025-04-30,309 meals,11 staff,19.248945543909457,74.86203084078537,2,0,33.11790194467626,intermediate,MeAt,25.790991240118743
2025-05-01,489 meals,6 staff,28.270471878269046,44.046159898238436,3,1,10.46889105493863,Beginner ,Rice,27.213380384817523
2025-05-02,301 meals,7 staff,23.223949777650915,33.595509319264885,4,1,21.66779358693867,Beginner,MeAt,15.202876362962016
2025-05-03,327 meals,5 staff,23.048125185986237,61.05596790322846,5,0,20.416843989195144,intermediate,MeAt,19.099749415233383
2025-05-04,312 meals,12 staff,32.691737764592276,37.46605247680531,6,0,26.369884428815325,Beginner ,dairy,19.753087219693736
2025-05-05,182 meals,13 staff,32.91125696263677,87.73175257667947,0,0,38.67722697917013,Beginner ,VEGETABLES,18.25956931721249
2025-05-06,328 meals,8 staff,33.18350528107172,47.39548575798172,1,0,28.33688060732007,Beginner ,Bakery,23.847541389899945
2025-05-07,250 meals,10 staff,21.277561530300545,81.17665220305759,2,0,7.462267103999971,EXPERT,MeAt,13.800058247586817
2025-05-08,417 meals,13 staff,28.821116254785235,53.25747751214756,3,0,31.216627872114202,EXPERT,VEGETABLES,27.878574175824095
2025-05-09,472 meals,10 staff,20.432663625487393,49.39165499144265,4,0,5.330611917834336,Beginner ,Bakery,21.43736795164929
2025-05-10,214,18 staff,18.812196661488997,86.10951434259727,5,0,36.19841842161572,EXPERT,Rice,22.691880652761945
2025-05-11,317 meals,16 staff,18.692649146947385,51.79935432517344,6,0,31.66544289644968,EXPERT,VEGETABLES,25.699348452602948
2025-05-12,479 meals,16 staff,21.84215241727188,53.41727451978819,0,0,17.35142633410344,intermediate,VEGETABLES,29.59544239620216
2025-05-13,192 meals,16 staff,23.599152395596434,36.36550677677455,1,1,16.69767218358063,EXPERT,VEGETABLES,19.94633531307688
2025-05-14,193 meals,13,31.61898342110137,70.22679991695055,2,0,36.930919861852225,EXPERT,Rice,21.217898119175025
2025-05-15,434 meals,19 staff,17.39782186945424,47.33036486865081,3,0,36.333467676984824,Beginner,Rice,31.500066986253948
2025-05-16,161 meals,8,29.698516947897886,65.13625007037044,4,0,19.092094175070397,EXPERT,VEGETABLES,13.460210275257603
2025-05-17,244 meals,12 staff,25.629098283786107,65.48110224319257,5,0,16.957909123191214,Beginner ,dairy,17.58383040049612
2025-05-18,451 meals,13 staff,20.75890685351985,73.15198173574602,6,0,27.3929915553116,Beginner ,MeAt,32.615277511227575
2025-05-19,402 meals,8 staff,24.856391690656494,74.71448917034647,0,0,5.334626399365767,Beginner ,Rice,21.56622663928181
2025-05-20,391 meals,9 staff,20.998841395540452,60.86714606409237,1,0,8.30668151946169,Beginner,dairy,16.21324175429115
2025-05-21,184 meals,18 staff,,49.85951685620418,2,0,10.04678360594947,EXPERT,Rice,10.903790712037162
2025-05-22,364 meals,12 staff,23.676878457104884,80.24705369008403,3,0,12.416472713086968,intermediate,VEGETABLES,21.92942134001645
2025-05-23,486 meals,16 staff,18.288110581577573,48.59193896450908,4,1,25.480725067018763,EXPERT,dairy,35.856822217060575
2025-05-24,239 meals,14 staff,17.331661491113934,60.45054566815989,5,0,44.68967659444488,Beginner,Bakery,22.999216040494307
2025-05-25,413 meals,18,25.9339136414426,54.07515499222368,6,1,31.104536069894138,Beginner ,MeAt,25.075578239106356
2025-05-26,242 meals,10 staff,33.04826066572207,81.30470315818128,0,0,7.451951777968944,EXPERT,MeAt,14.52871715307286
2025-05-27,239 meals,16 staff,21.87915373115371,55.915111868749726,1,0,26.02317496248967,intermediate,Rice,22.35566325327304
2025-05-28,264 meals,11 staff,29.660002144452463,53.16595133024906,2,0,24.865808495580175,Beginner ,MeAt,19.479473724466867
2025-05-29,254,7 staff,28.173227098795337,71.38942157385824,3,0,10.76671263272198,intermediate,Bakery,23.07916225092893
2025-05-30,345 meals,11 staff,33.63109828618962,66.14646659168656,4,0,41.81089475209631,EXPERT,dairy,36.235762623597815
2025-05-31,463 meals,16,,36.43481000975076,5,0,22.630609907014758,intermediate,dairy,29.721764828457676
2025-06-01,263 meals,18 staff,26.33210517810926,60.49012838063779,6,0,44.78236562438959,Beginner ,VEGETABLES,27.144849157816537
2025-06-02,224,12 staff,,74.12870329999487,0,0,21.80289181008657,EXPERT,dairy,21.8470619656519
2025-06-03,366 meals,14 staff,32.9677293316807,89.52448587548137,1,0,29.31830810734437,Beginner ,Rice,26.825988250812923
2025-06-04,426 meals,10,22.990375691738695,67.74881003821915,2,1,9.190501458057604,Beginner ,Bakery,21.64488488565673
2025-06-05,398 meals,19 staff,21.535894117155546,52.21758398647907,3,0,23.16911295227477,EXPERT,VEGETABLES,29.51752960438822
2025-06-06,313 meals,14 staff,15.216221672703927,43.5690959881271,4,0,14.550635760158933,intermediate,Rice,21.408429255353568
2025-06-07,341 meals,13 staff,31.531021483829285,82.36981404919922,5,0,38.4225919428494,Beginner,Rice,26.154743146807384
2025-06-08,376 meals,17 staff,31.019614008067297,78.87391272681016,6,0,36.356783394701594,Beginner,Rice,30.544527529159758
2025-06-09,326,10 staff,,44.035369246763096,0,0,37.96719998501434,Beginner,MeAt,27.209978439679467
2025-06-10,248 meals,16 staff,26.537147622654004,42.03792540879441,1,0,33.944377510318056,Beginner,Rice,21.42802617906832
2025-06-11,185 meals,13 staff,24.279633963337748,72.90820660867054,2,0,38.30732894480205,EXPERT,MeAt,18.384679798439088
2025-06-12,245 meals,17 staff,17.37418191018223,48.897123715125566,3,0,13.033150006996834,Beginner,dairy,16.524154336966696
2025-06-13,301 meals,8 staff,34.61136454121447,48.38392790171747,4,1,23.081751063192065,EXPERT,MeAt,21.17695321828916
2025-06-14,300 meals,12 staff,19.29391774926711,39.13741482405932,5,0,32.673875197838726,Beginner,Rice,25.656282289627804
2025-06-15,339 meals,15 staff,16.344683601811223,45.83853118258979,6,0,30.495699917405396,Beginner ,Bakery,28.558222841416544
2025-06-16,373 meals,8 staff,26.89694759003819,55.650453455558974,0,0,33.65417931496348,Beginner,Bakery,29.440952902781735
2025-06-17,186 meals,6 staff,29.777333542660653,73.97030023634494,1,0,13.970335326049268,intermediate,dairy,14.23715439594376
2025-06-18,417 meals,14 staff,15.64886892094374,50.17848566482499,2,0,8.93738836179959,EXPERT,Rice,21.907685304037447
2025-06-19,332 meals,15 staff,28.174352774540445,49.71626036879056,3,0,41.672263122991055,EXPERT,MeAt,32.62474698044192
2025-06-20,162 meals,13,25.645837519029087,47.09479515314615,4,1,27.40687582269434,EXPERT,Bakery,13.776474783871999
2025-06-21,428 meals,9 staff,17.06530017750097,58.69702005066258,5,0,11.153036980296438,Beginner ,VEGETABLES,19.909935088664547
2025-06-22,366 meals,8 staff,18.45047753892724,40.83820187647892,6,0,36.73746327549446,EXPERT,Rice,26.108288540836078
2025-06-23,435 meals,6 staff,26.359485946321612,59.137844041927536,0,0,41.597197465171305,intermediate,Rice,37.33195097385001
2025-06-24,422 meals,5 staff,20.92715227026577,72.2505333716814,1,0,11.782540742844363,Beginner,VEGETABLES,26.011455683448133
2025-06-25,211 meals,15 staff,33.76631457302632,31.78743024195733,2,0,37.696498210764425,EXPERT,Bakery,25.794777332025497
2025-06-26,233 meals,11 staff,31.374804589681016,30.58676281834571,3,0,42.32900245276513,intermediate,VEGETABLES,20.37954616032963
2025-06-27,366 meals,10 staff,,34.507374609270556,4,0,42.5344640118407,Beginner,dairy,38.02099386435465
2025-06-28,491 meals,19 staff,,62.139603703686724,5,0,41.56625846614005,EXPERT,MeAt,36.16882498412095
2025-06-29,336 meals,19 staff,34.39447265595954,81.2673049911242,6,0,26.85684049440411,EXPERT,MeAt,19.57602174299706
2025-06-30,168 meals,6 staff,23.624677395831156,30.293067961215115,0,0,19.24845269015477,EXPERT,Bakery,20.761885307973387
2025-07-01,326 meals,12 staff,21.95037590627509,86.19967827508086,1,0,5.2909123077603715,intermediate,VEGETABLES,13.9569669077101
2025-07-02,249 meals,15 staff,16.006990539387065,36.376710694232145,2,0,7.4364890748610835,Beginner ,Rice,13.487259581906686
2025-07-03,382 meals,8 staff,16.055305157192052,80.51901168349357,3,1,22.153560611895628,EXPERT,Rice,25.12881146224969
2025-07-04,225 meals,12 staff,28.840225118933095,58.9712858989768,4,0,20.973045855660413,Beginner ,Rice,18.87416318419911
2025-07-05,414 meals,19 staff,24.158579888680556,69.56144323673064,5,0,12.38855638279533,EXPERT,dairy,22.042656487038506
2025-07-06,433,11 staff,19.530432520722115,60.640979066830944,6,0,20.819201121266275,Beginner ,dairy,31.013700022707212
2025-07-07,355 meals,9 staff,27.279406126504654,58.62289351076128,0,0,11.986002618214723,Beginner,Rice,23.606709293996644
2025-07-08,372 meals,14 staff,20.057162365002224,80.09396570186348,1,0,38.95165011103362,EXPERT,Bakery,30.342695492651487
2025-07-09,201 meals,14 staff,-10.0,75.35318277406898,2,0,16.927795115023955,Beginner ,dairy,19.101326837891676
2025-07-10,488 meals,16 staff,22.184174939653808,59.00413419138025,3,0,28.9425740063324,Beginner,dairy,32.879202039385504
2025-07-11,293 meals,12,31.47104453223638,36.698155763763694,4,1,25.11372247996347,intermediate,MeAt,21.357179183462918
2025-07-12,218,18,31.413923215335586,36.924177558864486,5,1,7.075283103759689,Beginner ,MeAt,19.016893231104405
2025-07-13,248 meals,13 staff,24.547007962448028,78.09236764314453,6,0,42.68934877964665,EXPERT,Bakery,26.094012760763658
2025-07-14,174 meals,9 staff,22.016382186700312,61.763437280852,0,0,26.089039130019334,Beginner,dairy,13.569757590627795
2025-07-15,202,14 staff,22.25119593118189,58.895348413161756,1,0,18.002305735672614,Beginner ,dairy,12.949883880111363
2025-07-16,300 meals,9 staff,31.11429051336436,70.8340104816429,2,0,11.32506278532273,intermediate,VEGETABLES,18.454393257555076
2025-07-17,293 meals,6 staff,,81.53049500485562,3,0,18.54106538907343,Beginner ,Bakery,13.018324789134933
2025-07-18,206 meals,9 staff,19.18118747413692,67.73238866479832,4,0,5.82046412093558,Beginner,Bakery,10.147170840635411
2025-07-19,188 meals,7 staff,16.693766837506136,75.77087414078875,5,0,19.542326213931908,Beginner ,VEGETABLES,14.961515898778927
2025-07-20,258 meals,11 staff,24.333862417688167,75.91623144701742,6,0,26.259437092180193,EXPERT,VEGETABLES,20.276238566700908
2025-07-21,330 meals,14,,51.37568692757755,0,0,39.87464983403779,EXPERT,MeAt,24.690065206981405
2025-07-22,191 meals,9 staff,,46.44499173845974,1,0,32.4949767079119,Beginner,Bakery,17.952945638053976
2025-07-23,335,12,-10.0,78.06984403050953,2,0,9.463292525329656,Beginner,Bakery,23.128399449095053
2025-07-24,372 meals,5 staff,60.0,52.630727507054615,3,0,10.909852977518444,Beginner,VEGETABLES,24.7924023842842
2025-07-25,271 meals,7 staff,,84.20016039136232,4,0,22.124934712734987,Beginner,Rice,20.474329598007568
2025-07-26,282 meals,7 staff,31.47247221497947,34.181441803807175,5,0,12.828310065551513,Beginner ,Rice,17.741763090492483
2025-07-27,312 meals,13 staff,22.692221519575362,33.49305072452038,6,0,6.11399110331023,EXPERT,MeAt,16.949317085607387
2025-07-28,364 meals,9 staff,24.18248046573362,85.6202496060845,0,0,37.20059520472281,intermediate,Rice,30.06910874920161
2025-07-29,370 meals,16 staff,21.06571781698566,68.90729485088609,1,0,5.780902827919765,EXPERT,Rice,20.54197738239946
2025-07-30,384 meals,13 staff,33.65109756838624,52.77596138689994,2,0,38.227584207920565,Beginner,Rice,31.64069817498925
2025-07-31,480 meals,17,17.372875314831607,75.30362488897097,3,0,10.764158521318642,Beginner ,dairy,28.73463008121216
2025-08-01,295 meals,13 staff,33.6749884600294,70.33960859961847,4,0,43.98713643228464,Beginner ,MeAt,24.31281846212379
2025-08-02,388 meals,5 staff,28.677329036706865,61.87206280917577,5,0,29.154956473047605,Beginner,VEGETABLES,27.21568086707018
2025-08-03,225 meals,6 staff,25.631443053734625,35.93240055975908,6,0,34.399318865195816,Beginner ,Rice,22.163532889247335
2025-08-04,158 meals,9 staff,15.653181215689917,78.7307752375651,0,0,9.419345118722596,Beginner,dairy,7.82829830544615
2025-08-05,223 meals,8 staff,,81.96139144083747,1,0,39.48416293805921,EXPERT,Rice,20.973784818339617
2025-08-06,402 meals,19 staff,23.154962100054647,40.33012131315895,2,1,38.567693714861534,EXPERT,dairy,31.016617991602754
2025-08-07,379 meals,14 staff,60.0,81.030699118624,3,0,31.119709261668707,Beginner ,MeAt,27.779408803790965
2025-08-08,156 meals,13 staff,28.12819207001314,82.67083866099385,4,0,25.090994583815494,Beginner,Rice,15.977106735818591
2025-08-09,323 meals,11 staff,34.42301814736572,62.96571673731096,5,0,33.859566925266904,Beginner,dairy,23.763777788706207
2025-08-10,290 meals,10 staff,26.243776221290503,69.37074217336122,6,0,5.237128613475126,Beginner ,Bakery,18.97519994872674
2025-08-11,317 meals,11 staff,,52.934239200869484,0,0,28.697630215938375,intermediate,Bakery,23.928061393255035
2025-08-12,319,5 staff,16.369009051320337,46.90749885055596,1,0,38.896245397169466,Beginner,dairy,28.054466723967042
2025-08-13,432 meals,5 staff,23.353339916339895,73.31898881709868,2,0,19.275995486990194,Beginner ,Rice,26.273301321053392
2025-08-14,271 meals,12 staff,17.32716970328992,81.71250894094848,3,0,9.331574259316673,Beginner,Rice,17.056424528372542
2025-08-15,343 meals,17 staff,27.255916710730208,69.24465317734484,4,0,21.835089989728246,intermediate,MeAt,28.71419047524037
2025-08-16,154 meals,17 staff,33.769643164283096,60.695436638792955,5,0,34.08417796234028,EXPERT,MeAt,16.787896860863302
2025-08-17,178 meals,6 staff,28.23555464943277,39.535486010650295,6,1,9.292048414826901,intermediate,VEGETABLES,10.05412546118901
2025-08-18,314 meals,16 staff,16.53606096628843,33.20752275628909,0,0,13.241942408515598,EXPERT,MeAt,17.182116057621634
2025-08-19,488 meals,14 staff,22.093324099701658,56.741507414804786,1,0,10.902073873147998,Beginner ,Rice,27.491756612895013
2025-08-20,285 meals,15,26.01326758881703,32.96097382184528,2,0,36.877910223008996,intermediate,VEGETABLES,25.099762026093554
2025-08-21,470 meals,13,23.064155122665042,64.16007791443351,3,0,7.515704898099473,EXPERT,MeAt,25.909040513224387
2025-08-22,491 meals,11 staff,31.672880209503447,52.963751479066275,4,1,32.46346008457732,Beginner,dairy,35.69380566458214
2025-08-23,294 meals,10 staff,31.293420094199785,75.43134718091817,5,1,19.658276830127654,Beginner ,Bakery,21.623987370180515
2025-08-24,476 meals,5 staff,27.23662040206443,48.338909810171,6,0,35.23164971541209,intermediate,MeAt,34.30193047002551
2025-08-25,366,5 staff,22.469158902654105,65.57896205804593,0,0,43.575336751361505,EXPERT,MeAt,37.23400572952519
2025-08-26,450 meals,6 staff,20.106727475264883,62.26101130530603,1,0,9.581811983459293,intermediate,dairy,27.446584447314002
2025-08-27,281,10 staff,17.117486364262586,30.28274553133447,2,0,17.57540164269834,EXPERT,Rice,16.054840664287518
2025-08-28,441 meals,18 staff,22.09795366973108,34.34336389585862,3,0,37.40501710875428,Beginner ,dairy,28.635899175339507
2025-08-29,219 meals,10 staff,23.263450344154393,47.42209274916123,4,1,15.646335442047059,Beginner,MeAt,13.55695325601087
2025-08-30,401 meals,6 staff,28.51645850208147,82.93410486124591,5,1,13.604823881841636,EXPERT,Rice,24.589422304702875
2025-08-31,424 meals,5 staff,28.16319648595147,38.82089729398672,6,1,38.01511911475887,intermediate,VEGETABLES,30.266036766524312
2025-09-01,331,14 staff,16.402162792825138,72.6536598276325,0,0,44.48329456023881,Beginner ,MeAt,28.012106633651985
2025-09-02,316 meals,9 staff,,88.40199396913724,1,0,27.27522360591863,intermediate,dairy,24.06076819750504
2025-09-03,240 meals,9 staff,18.63557734434724,77.43405316146931,2,0,16.12194993333357,Beginner ,VEGETABLES,15.81066700334124
2025-09-04,351 meals,6 staff,18.136254106336114,44.57672170122264,3,0,20.942638464002158,EXPERT,Bakery,17.689689311795277
2025-09-05,495 meals,10 staff,31.54604299474492,84.5019156247849,4,0,11.80521309534436,intermediate,VEGETABLES,31.523093514080472
2025-09-06,168 meals,13 staff,15.838304334325152,35.586429390503405,5,0,35.475491155630095,EXPERT,dairy,21.577518019409524
2025-09-07,188 meals,6 staff,23.383657518042426,58.08851651224415,6,0,35.93896071291071,EXPERT,VEGETABLES,16.32632563893412
2025-09-08,275 meals,14 staff,60.0,83.25251446358482,0,0,40.00483969529978,EXPERT,dairy,25.92212520756355
2025-09-09,322 meals,6 staff,32.58660431356948,68.47594255541219,1,1,6.064102543862555,Beginner ,MeAt,14.569576172298701
2025-09-10,290 meals,7 staff,26.140810265500704,54.81867388366193,2,1,27.479253665055168,EXPERT,Rice,20.917386359951628
2025-09-11,391 meals,17 staff,19.62761272753696,47.56877200423013,3,1,13.570217373727376,intermediate,Bakery,25.07952406468427
2025-09-12,369 meals,11 staff,25.04854574332753,52.505964319101,4,0,18.635320619694284,intermediate,Rice,26.470737538108445
2025-09-13,275 meals,10 staff,29.629727194062315,60.536506860557175,5,0,36.3982246114603,Beginner ,Rice,27.029396200876583
2025-09-14,207 meals,16 staff,34.162360178388674,49.142635792368445,6,0,12.681346094459848,Beginner,Rice,14.888921440637814
2025-09-15,297 meals,12,19.40892008490838,88.13807172493799,0,0,30.533670023243587,Beginner,dairy,27.83571821627041
2025-09-16,466 meals,19,32.723635442586904,85.9846591839687,1,1,31.182647648943927,intermediate,dairy,30.82310919639503
2025-09-17,150 meals,12 staff,33.686082283349805,82.24028809285925,2,1,43.16375659609203,Beginner ,Bakery,19.28323948775971
2025-09-18,497,10 staff,33.32841089064132,55.30979013135921,3,0,36.00643714115748,Beginner,dairy,27.86804749261122
2025-09-19,339 meals,16 staff,27.708287137238194,71.47810616011373,4,0,37.145405886147735,EXPERT,dairy,27.814452212349252
2025-09-20,340 meals,15 staff,27.596413088694156,84.16975842215788,5,0,26.26402996071574,intermediate,dairy,26.618289380324427
2025-09-21,461 meals,14 staff,23.064212663676457,81.02576926073567,6,0,12.471232286494827,EXPERT,dairy,27.647148521975154
2025-09-22,266 meals,7 staff,30.04795764607576,54.85962084121246,0,1,22.022534628734064,Beginner ,MeAt,18.03469932889017
2025-09-23,283 meals,7 staff,25.625880367018638,36.74316295933564,1,0,26.979582940472817,EXPERT,Bakery,24.777451701085454
2025-09-24,207 meals,19 staff,28.54876142456589,34.53782183007297,2,0,32.13677006854849,Beginner,dairy,19.76953876342597
2025-09-25,193 meals,5 staff,-10.0,64.62384271354216,3,0,29.308364473277088,Beginner,Bakery,20.74178947800923
2025-09-26,322 meals,11 staff,29.629929280862783,68.5576761126559,4,0,20.759113156689743,EXPERT,VEGETABLES,23.78618300232571
2025-09-27,309 meals,9 staff,,80.99055627582145,5,0,15.612524279833657,intermediate,MeAt,24.40728416065918
2025-09-28,322 meals,8 staff,17.92872513205632,47.55090122046187,6,1,11.729233728147324,Beginner ,dairy,20.636860206142813
2025-09-29,466 meals,14 staff,31.65859431148456,40.04822943300255,0,0,32.753815450890656,intermediate,MeAt,34.95597265407004
2025-09-30,452 meals,19 staff,25.805930635806146,52.74034999069197,1,0,30.8159469724994,EXPERT,MeAt,31.614632825634512
2025-10-01,298 meals,8,31.893318181804485,51.2145074179365,2,0,32.494898630312264,Beginner ,VEGETABLES,23.139799138856695
2025-10-02,229 meals,18 staff,,37.94813724107129,3,0,19.901098112111796,Beginner ,Bakery,18.892526056314633
2025-10-03,362 meals,8 staff,22.5808097076607,70.33695915078913,4,0,15.4963129028298,Beginner,MeAt,27.257085963468068
2025-10-04,352 meals,10,33.30121465034445,60.52151644376256,5,0,35.388853147237015,EXPERT,Rice,26.369014000402164
2025-10-05,401 meals,19 staff,20.023385350968027,73.26736536688597,6,0,35.945895802213364,Beginner,VEGETABLES,30.089359754301245
2025-10-06,378 meals,12 staff,31.884246505722864,51.161467210184085,0,0,23.224654958673625,Beginner,Rice,25.947347793255112
2025-10-07,313 meals,12,24.680411450188082,49.542132694662136,1,0,29.476163390692967,EXPERT,VEGETABLES,26.547537947033028
2025-10-08,376,9 staff,25.281908851025193,58.35455118263134,2,0,19.940786569269648,Beginner,Rice,25.818609919445382
2025-10-09,296 meals,19 staff,21.16936562978968,82.64444072370881,3,0,33.07788800479227,intermediate,Rice,27.46255587073788
2025-10-10,169,10 staff,26.460844012380313,32.41687840403882,4,0,38.42886386591485,Beginner ,MeAt,25.900387586697892
2025-10-11,196 meals,8 staff,21.504223925524226,78.28996903778832,5,0,32.52933109342598,Beginner,MeAt,17.642095398069205
2025-10-12,382 meals,16 staff,-10.0,52.13925675946539,6,0,25.50330507388546,intermediate,VEGETABLES,28.58017845660181
2025-10-13,454 meals,18,20.43997210688712,81.27714154730866,0,0,23.346318379694814,EXPERT,Bakery,30.665814848469957
2025-10-14,163 meals,15 staff,,78.13218053015139,1,0,30.69278603902977,Beginner ,MeAt,17.41495646399278
2025-10-15,292,17 staff,34.56709574113714,50.92567484376531,2,1,32.19243566405321,EXPERT,MeAt,26.075986370246312
2025-10-16,150 meals,13 staff,,71.63259211929696,3,0,27.34917774098156,intermediate,dairy,14.90434426109923
2025-10-17,203 meals,12 staff,22.9031059494461,39.577965406406406,4,0,29.9976910042958,EXPERT,MeAt,20.118444496229703
2025-10-18,408 meals,14 staff,29.567417086792922,83.77689312982727,5,1,8.863547299781288,EXPERT,Bakery,19.143186900792543
2025-10-19,293 meals,16 staff,21.9161219682085,54.26946386711457,6,0,43.07062064569307,EXPERT,dairy,25.954740359390453
2025-10-20,161,14 staff,28.42186314171952,57.33753692131201,0,0,36.630922549281365,Beginner,Rice,22.1818392071137
2025-10-21,479 meals,5 staff,,72.3455430622191,1,0,19.957114788271355,Beginner,Rice,32.96438338429467
2025-10-22,373 meals,19 staff,33.935124893844815,79.25041420229105,2,0,27.5125044381452,Beginner,dairy,27.68205122159812
2025-10-23,421 meals,6 staff,23.00424551699344,44.18056459969257,3,0,6.892981205456854,Beginner ,dairy,21.75874509846782
2025-10-24,305 meals,13 staff,30.665959659120954,69.68100839261973,4,0,6.649112559962416,intermediate,dairy,19.720531257043554
2025-10-25,157 meals,12 staff,20.318569012642378,53.519882633348914,5,0,15.031933404478508,Beginner,VEGETABLES,16.069042165833466
2025-10-26,271 meals,18 staff,60.0,52.12217544023768,6,1,32.58806569458493,EXPERT,Bakery,22.08931909870244
2025-10-27,497 meals,7 staff,15.515391975287024,71.40154943643928,0,0,39.08590991200047,EXPERT,Bakery,32.21071391364469
2025-10-28,313 meals,12 staff,27.070576130022417,53.230996449356056,1,0,27.367435199193935,EXPERT,Rice,25.207635336120237
2025-10-29,239 meals,16 staff,28.19011963302654,50.76651000986446,2,0,26.285309583294097,EXPERT,Rice,22.57689770721056
2025-10-30,285 meals,5 staff,,80.15330448757454,3,0,21.092381351658638,EXPERT,Rice,22.340164984511823
2025-10-31,335 meals,14 staff,,36.07656742986038,4,0,11.463918238320847,Beginner ,MeAt,24.884413063186077
2025-11-01,465 meals,8 staff,-10.0,70.55355736981264,5,0,9.734164053063502,intermediate,Rice,30.878151212503482
2025-11-02,327 meals,7 staff,18.623665581001656,44.923523627437476,6,0,35.427190448838644,intermediate,dairy,26.061965244711097
2025-11-03,177 meals,10,27.45506806479682,30.92989450957142,0,0,42.100142051863024,Beginner,Rice,22.077025772290266
2025-11-04,369 meals,11 staff,19.453521582461697,40.00585613236152,1,0,23.331328655450925,EXPERT,dairy,23.959794070596146
2025-11-05,190 meals,8 staff,21.144328340425417,66.39969178655207,2,0,31.37782634862553,intermediate,VEGETABLES,15.847156814765688
2025-11-06,377 meals,11 staff,25.929170834562488,72.54763148915625,3,0,41.578306035237645,Beginner ,MeAt,28.43317389616532
2025-11-07,341 meals,13 staff,23.343868371291528,31.263467013379202,4,0,8.604545317365782,EXPERT,MeAt,21.782427654998862
2025-11-08,294 meals,15 staff,60.0,32.18552659810321,5,0,35.81925812476119,Beginner,Bakery,26.35443999948769
2025-11-09,350 meals,6 staff,18.418728048416966,84.15252689057718,6,0,29.672675375023005,Beginner ,VEGETABLES,29.071685134009417
2025-11-10,361 meals,15,23.36289576325599,34.39834908682319,0,0,28.945487153194453,intermediate,dairy,34.32851037585771
2025-11-11,369 meals,7 staff,-10.0,83.65092951699427,1,0,16.701617139262794,EXPERT,VEGETABLES,24.960087951503027
2025-11-12,389 meals,9 staff,32.95929293695577,43.68995482505434,2,0,32.355734191107075,Beginner,MeAt,26.792958520030933
2025-11-13,195 meals,7 staff,16.682553245187655,74.40106800949277,3,0,36.79191019283106,intermediate,dairy,23.892953519874194
2025-11-14,184 meals,15 staff,22.862078151188022,48.583994936760725,4,0,9.514326597747885,Beginner,VEGETABLES,9.634761102301042
2025-11-15,402 meals,12 staff,17.004911274457534,81.52512153655104,5,0,26.34085723923935,intermediate,MeAt,33.247267826126034
2025-11-16,231,16 staff,15.331849612651958,72.02729192546147,6,0,9.050607239496387,EXPERT,dairy,8.350834695832884
2025-11-17,405 meals,14 staff,28.234373652879132,54.108807516101706,0,0,39.90296077190578,EXPERT,dairy,30.581241380564443
2025-11-18,346 meals,12 staff,27.048988839331756,34.57814725044477,1,0,25.305468906253893,EXPERT,MeAt,26.75805549120911
2025-11-19,452 meals,12 staff,18.260382276297726,73.96201103224843,2,0,37.318627570430294,intermediate,dairy,37.32815125260272
2025-11-20,159,16 staff,,67.0130853579109,3,0,19.72342550664857,Beginner ,MeAt,11.836078273124025
2025-11-21,461 meals,16 staff,15.474155072890367,30.174703070027324,4,0,10.003129072653017,EXPERT,Rice,23.476164818235937
2025-11-22,435 meals,13 staff,31.698944113888075,30.56519135834672,5,0,6.659972175428459,Beginner ,Rice,24.19309322753767
2025-11-23,391 meals,8 staff,,78.52757839156163,6,0,16.26038483089502,intermediate,dairy,30.155096999965664
2025-11-24,400,9 staff,17.709190735893817,45.56398432811123,0,0,14.769348014563143,EXPERT,dairy,19.815671504373505
2025-11-25,154 meals,9 staff,19.629504275305962,68.16802006368394,1,0,27.414078960798474,Beginner ,MeAt,14.981863396722144
2025-11-26,268 meals,12 staff,32.36819047893868,57.25286518591484,2,1,5.869553522548294,intermediate,dairy,15.941421115941846
2025-11-27,438 meals,11 staff,33.529275959123694,81.80580087130603,3,1,25.822821771966936,Beginner ,Bakery,27.25899844186648
2025-11-28,214 meals,13 staff,23.39254765613621,85.01766678614932,4,0,20.670869680480127,EXPERT,Rice,14.503102251014251
2025-11-29,295 meals,19 staff,16.01244944538148,89.80846276073125,5,0,28.084890796577685,intermediate,dairy,22.47529239514795
2025-11-30,373 meals,19 staff,,39.22104814843481,6,0,33.09670112601459,EXPERT,dairy,29.4571398159528
2025-12-01,388,18 staff,,81.77784278852852,0,0,30.36367780319356,Beginner,VEGETABLES,27.923918401468082
2025-12-02,326 meals,12 staff,22.85790217786358,45.96128260372811,1,0,44.38577477493465,intermediate,dairy,34.01242938957829
2025-12-03,416 meals,6 staff,15.57304855155309,65.44895249373046,2,0,10.530613755074842,Beginner ,Bakery,25.7369954617277
2025-12-04,490 meals,14 staff,,60.346370032152656,3,1,22.18948035719114,Beginner,Rice,32.30633617680255
2025-12-05,431 meals,16 staff,15.22605073178045,31.07928789434326,4,1,21.993229465732448,EXPERT,VEGETABLES,31.230929697644846
2025-12-06,212 meals,8 staff,30.747439162985458,85.96627679436568,5,0,21.682128148116824,EXPERT,MeAt,18.307047118679815
2025-12-07,366 meals,10 staff,21.128656454067432,34.69962330895311,6,0,31.551935681706734,Beginner ,MeAt,26.436020822607617
2025-12-08,491 meals,16 staff,15.805160060184642,71.29313516446415,0,0,24.593122421868898,Beginner,Rice,31.138479367277522
2025-12-09,464 meals,6 staff,26.767044419663065,77.10041017249571,1,0,25.697302392518523,EXPERT,MeAt,27.5208820769213
2025-12-10,432 meals,11 staff,22.953688288661095,77.71727094286106,2,0,22.294239685870586,Beginner ,Bakery,34.30290646538441
2025-12-11,326 meals,7 staff,34.47600826714299,38.12967113573069,3,0,44.6679784407425,EXPERT,dairy,32.492565441424944
2025-12-12,247 meals,17 staff,25.883973250074042,56.854197030478325,4,0,42.102453952761685,intermediate,Rice,17.30199092637702
2025-12-13,254 meals,7 staff,,79.76573222603879,5,0,17.308967574574837,Beginner,VEGETABLES,21.892075570301426
2025-12-14,248 meals,15 staff,29.188777292679497,48.16075262272528,6,0,9.463756990666688,EXPERT,dairy,10.841329175878164
2025-12-15,460 meals,6 staff,20.429840050854224,58.06492052247982,0,1,38.590588961544114,intermediate,MeAt,36.13918362239207
2025-12-16,155 meals,15,33.0848658281513,46.36763356199074,1,0,44.88681005702898,Beginner,MeAt,14.603965756574672
2025-12-17,346 meals,12 staff,22.49443941014753,57.81308507311945,2,0,16.70435576158582,Beginner ,VEGETABLES,21.026918704586027
2025-12-18,282 meals,10,25.997371255524104,83.2702753555728,3,0,19.31139703367065,Beginner ,Bakery,23.916219633326712
2025-12-19,408 meals,5 staff,-10.0,57.30745386196617,4,0,42.665327259408116,Beginner,VEGETABLES,37.389499837680745
2025-12-20,172 meals,16 staff,23.522424759044615,63.354721024459224,5,0,33.445180720123595,EXPERT,Rice,19.55388039444898
2025-12-21,202 meals,5 staff,,54.23857699818501,6,0,16.825533271185446,Beginner,VEGETABLES,17.5100543610692
2025-12-22,314 meals,11 staff,31.11297610726684,57.607030992199526,0,1,28.241859651356602,intermediate,MeAt,19.931847217981744
2025-12-23,351 meals,12 staff,19.486371177070524,30.9104519427853,1,0,42.769183174570244,intermediate,Bakery,31.99575477038107
2025-12-24,232,9 staff,19.521581420211255,47.02473059762736,2,0,37.47252427783114,Beginner ,Bakery,25.394669513194863
2025-12-25,294 meals,16 staff,31.346106244264735,56.19490330450947,3,0,34.673308549146384,Beginner,VEGETABLES,32.811230077844336
2025-12-26,234 meals,15 staff,33.60796840338651,68.02781855956374,4,1,34.479852469080896,Beginner ,Rice,20.174297841679994
2025-12-27,227 meals,9,16.907218425460073,57.00311583323353,5,0,12.120812971690814,EXPERT,MeAt,15.035152342591578
2025-12-28,150 meals,8 staff,24.001172788524507,50.26902259929384,6,0,37.98724956911746,intermediate,dairy,19.13052020569155
2025-12-29,200 meals,18 staff,21.74908557928458,53.285924120649426,0,0,16.044745297738324,EXPERT,Bakery,16.90917479065011
2025-12-30,322 meals,10 staff,32.41376910914879,44.537599752027994,1,0,42.214666316061184,EXPERT,VEGETABLES,31.405931959465256
2025-12-31,354 meals,18 staff,16.670498293600374,85.46965696644318,2,0,19.58559964055132,Beginner,Rice,26.758425227534993
2026-01-01,409 meals,10 staff,19.22251885116075,61.30459354745487,3,0,39.306415881690256,Beginner,Rice,35.205811242445506
2026-01-02,437 meals,7 staff,30.049366751729885,30.804567232327386,4,0,15.649339780712058,EXPERT,MeAt,22.10144705668147
2026-01-03,183 meals,13 staff,16.02587697962431,31.166775505172797,5,0,25.581077463289617,Beginner,Bakery,8.98473259803978
2026-01-04,497 meals,16 staff,24.850707614285785,88.3776980971225,6,0,9.275411819562422,intermediate,MeAt,26.089494384619623
2026-01-05,244 meals,15 staff,23.842140693594402,43.287053482394704,0,0,31.40475611984696,EXPERT,dairy,21.515176302134922
2026-01-06,221 meals,18 staff,21.688023579774974,78.33649732885888,1,0,38.44317100667353,EXPERT,dairy,20.74314802414136
2026-01-07,188 meals,11 staff,22.891446306378477,33.49651809363447,2,0,33.737891252096645,Beginner ,dairy,18.142272946625692
2026-01-08,303 meals,5 staff,25.59881173860466,85.26976420167294,3,0,25.93034051754629,intermediate,Rice,21.920353872043286
2026-01-09,399 meals,19 staff,18.22734716776766,82.4650202200007,4,0,6.80463514405838,Beginner,Bakery,23.723713541475625
2026-01-10,311 meals,17 staff,26.439917565671855,64.26558974607087,5,1,42.337640286834336,Beginner,MeAt,25.15021592093321
2026-01-11,267 meals,11 staff,,30.539919436995348,6,1,33.219581943145386,Beginner ,MeAt,23.082391273061436
2026-01-12,408 meals,9 staff,30.20321859580318,45.46865244140025,0,0,34.83456953461332,Beginner ,dairy,30.639850011726878
2026-01-13,455,9 staff,18.077998093875472,54.409358843907896,1,0,36.787223020432286,Beginner,Bakery,35.45026492165515
2026-01-14,417 meals,18 staff,17.984989394829476,57.603847004853705,2,0,34.90973703710443,Beginner,Bakery,34.80863563027004
2026-01-15,203 meals,17 staff,20.363487354898268,47.860725513742324,3,1,22.644646563933346,intermediate,VEGETABLES,21.995716163544188
2026-01-16,385 meals,6 staff,22.221494526820745,31.9768720947318,4,0,34.344873171517875,Beginner ,Bakery,27.31548961019103
2026-01-17,371 meals,8,23.169111628169652,65.40764435559252,5,0,30.00107151241316,intermediate,Bakery,21.550397622030466
2026-01-18,400 meals,16 staff,28.593944336666905,61.44928006168536,6,0,39.16065334675146,Beginner,MeAt,31.02241131781958
2026-01-19,462 meals,10,16.13360864331671,46.98003812574466,0,1,37.098392613494816,EXPERT,Bakery,29.46366720914891
2026-01-20,261 meals,14 staff,15.693454084521328,32.27855805417639,1,0,6.654975298690395,EXPERT,Bakery,23.250223317378033
2026-01-21,404 meals,19 staff,22.838211258878182,89.67565123331642,2,0,20.15548361330421,Beginner,MeAt,23.628003527462173
2026-01-22,452 meals,15 staff,28.94327384275961,58.919171209584356,3,0,6.388646087355783,Beginner ,Bakery,26.20809512316493
2026-01-23,356 meals,11 staff,18.868706859129652,75.36025450644462,4,0,9.082996990643917,EXPERT,MeAt,23.327097417216464
2026-01-24,378 meals,15 staff,60.0,57.13884210308013,5,0,29.056428880144452,Beginner ,VEGETABLES,28.638795648757345
2026-01-25,490 meals,9 staff,20.19656275880599,32.59021745177649,6,0,39.95287284649014,EXPERT,Rice,42.71602290787464
2026-01-26,215 meals,13 staff,32.721722176270326,48.57604470513,0,0,9.79299034837069,Beginner ,MeAt,13.080453684163775
2026-01-27,224 meals,7 staff,32.91379888533233,49.206608460354076,1,1,23.04357149867326,EXPERT,MeAt,15.608426177487525
2026-01-28,252 meals,5,20.94574408562653,80.30117424294096,2,0,41.43515619225775,Beginner ,Bakery,22.37067302122355
2026-01-29,341 meals,8 staff,19.599875079264812,69.25379867999246,3,0,37.57203934686351,intermediate,MeAt,30.571628887870098
2026-01-30,401 meals,13 staff,23.226079441324625,46.525794218368375,4,0,25.786715858637198,Beginner ,dairy,27.21662001879599
2026-01-31,375 meals,8 staff,19.810631703602972,88.06439727954516,5,0,35.862857573153235,intermediate,dairy,26.849390303736318
2026-02-01,443 meals,6 staff,28.447676865834072,49.29250994387228,6,0,25.90775096178148,intermediate,VEGETABLES,31.24624093510516
2026-02-02,455 meals,14 staff,31.52129369096571,89.89404154972323,0,0,11.32369349131395,Beginner,MeAt,28.274855722659122
2026-02-03,247 meals,18,28.46184261822434,89.7698215902158,1,0,9.989444528867164,intermediate,Bakery,16.160748917518784
2026-02-04,487 meals,18 staff,31.48700894498699,41.47263106480451,2,1,12.53472928268279,EXPERT,Bakery,30.80920796181166
2026-02-05,435,9 staff,22.939843244149483,48.76446697130401,3,1,19.03688379862718,intermediate,Rice,27.725360978139094
2026-02-06,484 meals,7 staff,18.126339414177217,59.16265190907925,4,1,42.22117070696075,Beginner ,VEGETABLES,35.085475200544444
2026-02-07,496 meals,17 staff,29.759018947951844,69.84604026887345,5,0,36.98713654614406,intermediate,Bakery,38.33034117837774
2026-02-08,457 meals,16 staff,22.209490102831076,61.68284694022796,6,0,22.3120624490527,Beginner ,Rice,26.873353974130804
2026-02-09,398 meals,17 staff,28.42541650458265,88.16648814793541,0,0,24.72306839150296,Beginner ,Bakery,23.93026447585096
2026-02-10,315 meals,13 staff,20.41287883963531,73.43934985414148,1,0,15.624378306656595,EXPERT,Rice,23.905162439598975
2026-02-11,484 meals,8 staff,16.624592696133455,42.72269096297846,2,0,33.1741182588852,intermediate,dairy,33.10869156461579
2026-02-12,179 meals,10 staff,34.85163590975527,36.3058530128183,3,0,37.110626858481524,intermediate,dairy,25.080239785879375
2026-02-13,396 meals,6 staff,18.124030158611987,71.30407744256141,4,0,14.556187826703063,EXPERT,Bakery,26.73664070819074
2026-02-14,255 meals,10 staff,34.76841987926962,39.50714641084578,5,0,6.672864951458615,EXPERT,VEGETABLES,13.480343343735068
2026-02-15,200 meals,7 staff,34.545598651328945,77.26061042014524,6,0,29.955557726518816,Beginner,MeAt,20.445331614743644
2026-02-16,230 meals,16 staff,30.876362078160792,48.66220003562022,0,0,27.500484765412665,Beginner ,VEGETABLES,27.33528625296443
2026-02-17,282 meals,16,28.18845924163995,49.61359578333639,1,0,21.08524620115506,EXPERT,VEGETABLES,22.688393288783693
2026-02-18,434 meals,13 staff,26.556141005021694,30.647903543370717,2,0,30.755757670928404,EXPERT,MeAt,32.67182402150584
2026-02-19,287 meals,15 staff,32.322030907556695,72.06067602570243,3,0,27.024531919405742,intermediate,dairy,20.67319635488186
2026-02-20,333 meals,6 staff,20.78879043238976,36.79618518388115,4,0,15.023263063767711,Beginner,dairy,26.6906430077265
2026-02-21,479 meals,19 staff,24.35362424969754,76.37283464781109,5,1,20.909159024908895,EXPERT,MeAt,34.17656084801159
2026-02-22,422 meals,16 staff,27.387799387330038,59.512069315032406,6,0,22.124542789889666,intermediate,Rice,25.980676741786798
2026-02-23,489 meals,16 staff,23.22380951738982,77.05678889727415,0,1,40.20991977902255,intermediate,VEGETABLES,42.154214499936145
2026-02-24,218 meals,13 staff,23.54972908180536,65.03559235186448,1,0,43.436166165158376,Beginner ,Bakery,24.425103499054558
2026-02-25,183 meals,9 staff,,34.94599632113945,2,0,40.720054495859884,Beginner ,dairy,18.844871324747885
2026-02-26,411 meals,12 staff,26.28463633369072,75.93914020231098,3,0,33.76712096207918,EXPERT,Bakery,28.884580168168146
2026-02-27,202 meals,6 staff,32.01149056030232,34.187969093684984,4,0,28.399709344232875,EXPERT,MeAt,21.253016904494196
2026-02-28,354 meals,10 staff,19.030567560126258,58.72210323415993,5,0,32.5704654186382,intermediate,Bakery,24.970639155024962
2026-03-01,275,7 staff,,40.340952848697796,6,0,42.56436882930756,intermediate,Bakery,23.209961475633524
2026-03-02,384 meals,16 staff,28.78175307496459,75.1401106786731,0,0,14.99994940895327,EXPERT,VEGETABLES,22.383361375430553
2026-03-03,192 meals,16 staff,31.465464253600604,84.69547366836758,1,0,26.404820306936195,EXPERT,MeAt,16.65290641885202
2026-03-04,389 meals,18 staff,,63.247569801496454,2,0,32.58432076001632,intermediate,Bakery,27.205349651089215
2026-03-05,260 meals,14 staff,30.59033402848127,61.628837657950825,3,0,32.16988005297098,EXPERT,dairy,21.289129334077202
2026-03-06,398 meals,9 staff,15.324007946789344,75.83779177953707,4,0,15.091158383073457,intermediate,MeAt,27.17814121710622
2026-03-07,300 meals,16 staff,31.367608495590705,30.304728778543634,5,0,28.469261095590074,EXPERT,dairy,24.310285638115367
2026-03-08,332 meals,12,15.80277718170733,85.06551855810964,6,0,36.836525696806255,EXPERT,Rice,26.10403544959636
2026-03-09,485 meals,14,32.79826752725725,41.8469290254679,0,0,24.003159202009755,intermediate,Bakery,30.16740351376207
2026-03-10,244 meals,18 staff,34.83925494477286,89.04713302957424,1,0,36.731923067949396,Beginner,MeAt,22.82460839160076
2026-03-11,157 meals,5 staff,20.881349243535556,74.17523687762773,2,0,19.395303910182193,EXPERT,dairy,13.445348549284095
2026-03-12,333 meals,9,19.206371125715872,76.45506886204026,3,1,42.550405086550356,Beginner ,Bakery,29.204562757312868
2026-03-13,430 meals,7 staff,30.307267277160815,69.3721788224164,4,0,26.357137619964043,intermediate,VEGETABLES,32.04788427513917
2026-03-14,344 meals,8 staff,20.060526818405066,58.299790967109615,5,0,28.83791803170457,EXPERT,dairy,26.442490622387567
2026-03-15,344,6 staff,32.31124766344407,64.29766160166993,6,0,6.254462752183536,intermediate,dairy,19.755711855452706
2026-03-16,304 meals,13 staff,17.056851843149534,32.78417316090754,0,0,11.81076548514377,EXPERT,Rice,23.0235857066434
2026-03-17,242 meals,7,17.519103927587164,67.43757056592085,1,0,30.31735521884179,EXPERT,VEGETABLES,26.825160861328747
2026-03-18,309 meals,19 staff,34.58303110201231,67.5658861192228,2,0,21.79481487129085,Beginner ,Rice,18.29553060279326
2026-03-19,210 meals,6 staff,28.476777965400093,83.47204784410857,3,0,25.326551618326988,Beginner ,VEGETABLES,13.361241148311242
2026-03-20,271 meals,14 staff,31.937744488579057,60.33938144581316,4,0,7.518856349348018,Beginner ,dairy,14.757438560937247
2026-03-21,200 meals,15 staff,21.48658754703036,34.62866244516366,5,0,38.36540953641537,Beginner,Rice,23.859008579608552
2026-03-22,426 meals,13 staff,28.52967499041209,48.37175522892487,6,0,36.38022409184869,EXPERT,Bakery,33.3420264275169
2026-03-23,154 meals,11 staff,26.884836546171943,69.33776472685905,0,0,12.414159028873982,EXPERT,VEGETABLES,14.58654681679784
2026-03-24,241 meals,10 staff,27.06300240245894,44.35553176508783,1,0,30.373174290295175,Beginner,dairy,19.98486075001221
2026-03-25,319 meals,5 staff,28.650649190754432,46.831669311324056,2,1,37.732608466170866,EXPERT,MeAt,21.399662043317257
2026-03-26,466 meals,9 staff,26.50718346258197,79.22814098165121,3,0,30.634165456623997,Beginner,VEGETABLES,28.389904443153124
2026-03-27,171 meals,16 staff,23.58124738605332,65.05918390576254,4,0,17.415923811833792,intermediate,VEGETABLES,15.468979319525943
2026-03-28,475 meals,15 staff,,60.51164590641435,5,0,31.244446019126684,EXPERT,Bakery,36.30859462241266
2026-03-29,150 meals,18 staff,30.371626618264038,49.10711800834826,6,1,13.41846990732849,Beginner ,VEGETABLES,5.805150427892218
2026-03-30,282,19 staff,19.525448600063726,73.85568215598201,0,0,17.730199891176834,Beginner,VEGETABLES,23.651032567277174
2026-03-31,382 meals,15 staff,28.847086123088282,47.26310606940176,1,0,14.602786124287146,Beginner,Bakery,24.874733372684958
2026-04-01,161 meals,7 staff,19.666656452986533,74.22381105865051,2,0,27.277004095608262,Beginner,Bakery,16.021834933844367
2026-04-02,495 meals,5 staff,27.50660339908908,34.20608881604652,3,0,9.329065870621944,intermediate,Rice,25.668250287633075
2026-04-03,195 meals,8 staff,29.941565342580578,81.87248049492501,4,0,42.332415213933544,Beginner,dairy,27.223207794667058
2026-04-04,183,17 staff,19.374277778130782,59.97398780255597,5,0,18.340494146514672,EXPERT,dairy,17.343167542021604
2026-04-05,227 meals,6 staff,16.198866017226166,56.3104810019382,6,1,13.758805084232053,EXPERT,Rice,16.95011188089956
2026-04-06,367 meals,6 staff,17.619474859883482,66.66140469251548,0,0,24.86199254407325,Beginner ,dairy,23.61439025661188
2026-04-07,450 meals,7,27.11993934542051,67.45152437377622,1,0,16.079912738188643,intermediate,VEGETABLES,32.16651750215776
2026-04-08,222 meals,12 staff,31.98892812451471,37.92211061339973,2,0,26.39616345530577,EXPERT,Rice,19.10990251045616
2026-04-09,431 meals,12 staff,15.899936424708487,75.3740153889728,3,0,18.940365991283418,EXPERT,Rice,28.129162168559386
2026-04-10,398 meals,16 staff,29.683025180832924,46.55569787700377,4,1,10.282672430761632,EXPERT,dairy,23.20397992376114
2026-04-11,196 meals,19 staff,21.82637291900104,84.29771281019484,5,0,15.63580968109048,EXPERT,MeAt,12.194091510462966
2026-04-12,270 meals,11 staff,24.570567398390452,79.07103980488995,6,0,22.53759379846101,Beginner,dairy,21.220441097288916
2026-04-13,363 meals,10 staff,33.57719099691131,50.77596249208491,0,0,6.211729059185025,Beginner,MeAt,22.104334402130718
2026-04-14,388 meals,13 staff,21.639430094716907,78.46435759204286,1,0,35.82570108059048,EXPERT,Rice,28.82288809377628
2026-04-15,205 meals,8 staff,,51.38342995799425,2,0,29.872982583616633,Beginner ,MeAt,19.914124757401922
2026-04-16,499 meals,16 staff,15.273648295213622,36.05686089816244,3,1,29.05438429113417,Beginner ,VEGETABLES,33.84181356047109
2026-04-17,256 meals,5 staff,16.631974400096766,87.71329432354247,4,1,26.84199727531064,Beginner,Bakery,23.59799317101718
2026-04-18,468 meals,12,20.17183182269568,69.15612091292641,5,0,28.61252689300274,EXPERT,MeAt,31.086934254095006
2026-04-19,197 meals,11 staff,15.557044816421488,57.3659715997555,6,0,42.38607810828882,Beginner ,Bakery,23.24553632353987
2026-04-20,210 meals,11,,53.86640109186238,0,0,5.342768432429628,Beginner,VEGETABLES,13.41433873370573
2026-04-21,486 meals,19 staff,23.52796713603245,49.48232005549584,1,1,6.911988386309971,EXPERT,Bakery,25.408895228560286
2026-04-22,175 meals,7 staff,25.96290405456044,88.88685572574775,2,0,12.659736397232093,intermediate,VEGETABLES,10.071857216131093
2026-04-23,441 meals,8 staff,18.49294371792659,38.08483590785444,3,0,11.692055199726003,EXPERT,Bakery,23.569798202161486
2026-04-24,406 meals,14 staff,20.918640588732323,48.8883035352341,4,0,12.247778378767308,EXPERT,Bakery,25.201903623215927
2026-04-25,157 meals,13 staff,28.276489497054502,59.129858416959806,5,0,31.877755433946007,EXPERT,dairy,16.707378290352015
2026-04-26,262 meals,19 staff,34.306054472608,58.679972703258684,6,1,23.379332042006613,EXPERT,MeAt,19.368031236845056
2026-04-27,402 meals,10,16.008335472044184,58.28198906447061,0,0,44.67115513338773,intermediate,Bakery,35.313789241063525
2026-04-28,329 meals,19 staff,32.80768641710532,40.54702894982291,1,0,14.075436592117793,intermediate,Rice,23.731105546721274
2026-04-29,356 meals,19 staff,26.53762402622417,38.695951626570036,2,0,17.433204041099785,EXPERT,dairy,26.605108832364397
2026-04-30,452 meals,9 staff,26.278391335112474,45.2860551797172,3,0,44.369628672065964,Beginner ,MeAt,34.07338512731257
2026-05-01,276 meals,7 staff,25.005570704155208,84.87156922812336,4,0,38.27032563208988,intermediate,dairy,28.049334546019942
2026-05-02,205 meals,13 staff,16.38788171808367,36.783178070070605,5,0,23.79196882714131,EXPERT,MeAt,23.64253992878835
2026-05-03,363 meals,9,60.0,75.44550620239949,6,0,27.183875421839588,Beginner,VEGETABLES,26.683373225442892
2026-05-04,163 meals,9 staff,27.018240113181722,75.45290358800227,0,0,38.727116826113615,EXPERT,Bakery,19.548204468066107
2026-05-05,177 meals,18 staff,21.819171428711165,78.58622423383574,1,0,24.23920984185312,Beginner ,Rice,15.276480201053737
2026-05-06,227,8 staff,33.34536133155361,83.19692933936133,2,0,13.240948943283373,EXPERT,dairy,12.13101312936801
2026-05-07,365 meals,18,23.131810747189444,45.782170652335815,3,0,38.13778154217542,Beginner,dairy,32.218094951867144
2026-05-08,303 meals,8 staff,17.86562917405282,43.47356815613378,4,0,26.51089965102574,EXPERT,dairy,22.89668616268893
2026-05-09,163 meals,16 staff,29.29437667004072,57.93033999164878,5,0,11.12170388655285,Beginner,dairy,11.03738169989384
2026-05-10,336 meals,5 staff,20.867068428820197,45.90535012512217,6,0,25.223433247375905,EXPERT,Bakery,26.429060288453265
2026-05-11,461 meals,11 staff,25.509406147117865,74.05859933898645,0,0,21.52813522387435,intermediate,MeAt,31.846889719778403
2026-05-12,156 meals,13,28.9566557101034,68.15637460448602,1,0,40.07370127527032,EXPERT,Bakery,18.019580576586648
2026-05-13,152 meals,7 staff,33.00528222404141,82.49926128315909,2,1,10.042217254428136,Beginner,VEGETABLES,8.881772201387129
2026-05-14,260,16 staff,30.84382389603352,34.964298209224296,3,0,40.008392177921024,intermediate,Bakery,23.138450731918454
2026-05-15,387 meals,17 staff,28.527221357454483,84.9050000014845,4,0,25.488440672411386,Beginner ,Bakery,33.337075110117254
2026-05-16,388 meals,19 staff,28.59266364790287,47.60091760020537,5,0,21.174577199245906,EXPERT,VEGETABLES,30.183811119764272
2026-05-17,423 meals,6,,59.44166075561904,6,0,11.478687376117612,EXPERT,Bakery,26.714727480459093
2026-05-18,443 meals,7 staff,20.91648194993072,56.31668615637862,0,1,33.03271850554717,EXPERT,MeAt,30.933581837182217
2026-05-19,376 meals,5 staff,15.022241883923748,75.61869906626544,1,0,42.07226836440162,Beginner,Rice,30.650893412366138
2026-05-20,164 meals,10 staff,20.439091187963975,55.21999856591056,2,1,20.015094155972793,Beginner ,VEGETABLES,15.294840216021068
2026-05-21,341 meals,15 staff,19.357827592534882,86.61318873896457,3,0,14.663400026833337,EXPERT,dairy,28.076410707701342
2026-05-22,268 meals,15 staff,28.236691702279963,84.15203295831452,4,1,27.194676679966282,EXPERT,MeAt,22.425034481407675
2026-05-23,177 meals,11 staff,27.67423199531058,82.32966911817039,5,1,36.84743793735481,Beginner,Rice,21.43070811061022
2026-05-24,351 meals,15 staff,26.869227654094477,34.275499958893676,6,1,5.150707782021322,Beginner ,MeAt,11.448269134964992
2026-05-25,188 meals,15 staff,-10.0,81.25548369323637,0,0,30.255097455817168,Beginner,MeAt,19.24926601863528
2026-05-26,422 meals,6 staff,29.57556108901295,76.89812672659264,1,0,28.860640027945234,EXPERT,dairy,25.57660760811674
2026-05-27,380 meals,12 staff,21.47060824970983,36.21077682036786,2,0,17.726087432166402,intermediate,Rice,22.856841477925094
2026-05-28,235 meals,18 staff,28.301119780132623,36.44485952617331,3,0,23.056920144198813,EXPERT,MeAt,18.807733808479217
2026-05-29,275 meals,10,26.131568570043065,36.06982869105247,4,1,14.878528966472837,EXPERT,dairy,17.30725356315963
2026-05-30,449 meals,18 staff,21.854618508558143,30.679955592269252,5,0,36.595429518073715,EXPERT,VEGETABLES,31.520749093322046
2026-05-31,174,8 staff,17.691525342082155,62.91805831167501,6,1,30.381397334644305,EXPERT,dairy,15.933278481396458
2026-06-01,294 meals,9 staff,16.88837795320962,88.40365748616259,0,0,26.30846488155941,Beginner ,Bakery,21.959394668993056
2026-06-02,162 meals,12 staff,-10.0,56.32108217398761,1,0,20.70104793671309,EXPERT,dairy,13.546189125599133
2026-06-03,361 meals,18 staff,33.367950841631156,62.445450113241385,2,0,16.655375440829285,Beginner ,dairy,23.10743033620894
2026-06-04,174 meals,7 staff,27.995760935285993,88.07818780619733,3,0,37.909459441737255,Beginner,dairy,19.909402878990203
2026-06-05,217 meals,7 staff,17.06868229720967,45.31093372645384,4,0,23.056306817342758,EXPERT,MeAt,21.603519916962085
2026-06-06,216 meals,18 staff,,81.50821515589578,5,0,25.05789679366691,Beginner ,Rice,12.168567106283515
2026-06-07,382 meals,19 staff,29.578784002103145,62.783428032704165,6,1,25.833149221629665,EXPERT,dairy,27.584864337240166
2026-06-08,258,18 staff,30.596417680201363,64.16859087978065,0,0,22.93467741726306,EXPERT,dairy,19.99343205592436
2026-06-09,295 meals,15 staff,17.364372445821772,50.590431432437015,1,0,15.24353704953695,EXPERT,Bakery,18.920490070383497
2026-06-10,260 meals,8 staff,15.000614376907649,63.69506165801449,2,0,9.81361760972208,Beginner ,Bakery,13.826654007223938
2026-06-11,377 meals,5 staff,29.2427409176121,34.388550568697035,3,0,8.941490686709628,Beginner ,VEGETABLES,21.08332175197732
2026-06-12,260 meals,13 staff,22.13192351972411,75.87861435684673,4,0,35.298500933627544,intermediate,VEGETABLES,18.689027605789555
2026-06-13,183 meals,12 staff,20.089626632365203,47.0812656926563,5,0,13.941112892060454,intermediate,Bakery,13.952487544219386
2026-06-14,260 meals,12 staff,-10.0,83.2564997696373,6,0,7.226912598159023,EXPERT,Rice,16.332251284710395
2026-06-15,413,18 staff,25.805988135229995,52.07104167644751,0,0,36.90069626783544,intermediate,VEGETABLES,29.608003401301346
2026-06-16,385 meals,14,32.02301470851964,38.569446629212955,1,0,11.16246611442592,EXPERT,Rice,28.42081296068302
2026-06-17,232 meals,10 staff,34.152632925451755,71.7528944621091,2,1,30.005843669334162,Beginner,Bakery,20.24041998555478
2026-06-18,191 meals,11 staff,26.314899012265784,39.874688682810174,3,0,18.545730857914528,EXPERT,VEGETABLES,15.245937727254534
2026-06-19,250 meals,10 staff,,75.22083093257942,4,0,10.059210267652379,Beginner,dairy,19.52510807394618
2026-06-20,155 meals,13,16.70112770978482,88.08673418436699,5,0,21.579239170174397,intermediate,Bakery,20.650142160656987
2026-06-21,329 meals,7 staff,25.977456030851997,76.7731721277157,6,0,5.592354445305006,Beginner ,VEGETABLES,14.75768809180397
2026-06-22,431 meals,18 staff,22.599581579307895,31.346954905879482,0,0,38.64179930050241,EXPERT,Rice,31.4110523535307
2026-06-23,469,7,,65.99314728316648,1,0,25.53991845367429,intermediate,Rice,30.803944029123596
2026-06-24,375 meals,7 staff,22.774526957530934,71.72464025818346,2,0,10.566400436318473,EXPERT,VEGETABLES,19.691302061964674
2026-06-25,464 meals,14 staff,,79.52749954777711,3,0,14.479212735559388,EXPERT,Rice,30.082101384719337
2026-06-26,378 meals,7 staff,16.89930550456753,33.36013853634001,4,0,22.919007685541068,EXPERT,VEGETABLES,23.21675379750882
2026-06-27,438 meals,13 staff,21.298368891777915,58.80646967713718,5,0,12.554775312621945,Beginner ,VEGETABLES,29.466242084426487
2026-06-28,299 meals,16 staff,16.932896685755047,62.12225235830366,6,0,15.743966460043435,EXPERT,Rice,21.54413168593545
2026-06-29,426 meals,8 staff,18.53793901647968,40.14749175865068,0,0,26.375422569410528,Beginner ,MeAt,32.70475632937511
2026-06-30,347,17 staff,34.746723171590915,49.34698858263898,1,0,38.30436052153542,intermediate,dairy,26.295796356925567
2026-07-01,219 meals,11 staff,23.882071138132375,56.41330357536991,2,0,21.07358742759683,EXPERT,Bakery,16.121592980520404
2026-07-02,261 meals,18 staff,25.63743533010033,79.99258127746809,3,0,33.67901094214193,EXPERT,dairy,25.847659925994797
2026-07-03,153 meals,19,32.4723705747443,85.76445396421241,4,0,40.06736853842594,EXPERT,Bakery,21.819990130029524
2026-07-04,499 meals,13 staff,34.91137800981376,67.70536973506037,5,0,13.65203761184648,EXPERT,Bakery,28.185035000694924
2026-07-05,480,15 staff,26.654288986893633,53.69671116128772,6,1,37.287678816086405,intermediate,dairy,34.75270625176719
2026-07-06,467 meals,16 staff,31.249476420883433,45.241861067939155,0,0,35.2960879332411,Beginner ,VEGETABLES,32.635782536512764
2026-07-07,499 meals,11 staff,,88.92811106616902,1,0,19.2774919179254,EXPERT,Rice,30.21891550194654
2026-07-08,244 meals,13 staff,21.11487914894582,88.98119988458151,2,0,44.580798380034686,Beginner ,MeAt,22.67821789543025
2026-07-09,301 meals,16 staff,23.054074419891204,85.49861689410208,3,0,15.502894857438282,intermediate,MeAt,16.301216097446506
2026-07-10,460 meals,7 staff,28.450145253472982,77.14014899266915,4,0,15.192130641267823,EXPERT,MeAt,30.573930739220614
2026-07-11,286 meals,19 staff,28.643833785101975,49.546772624737095,5,0,35.89036658612791,EXPERT,dairy,24.450896685588408
2026-07-12,396,8 staff,21.304788692989014,79.02002900985784,6,0,22.38629272204337,Beginner,dairy,29.969871039255114
2026-07-13,392 meals,18 staff,17.664198482732573,54.527581036270355,0,1,18.23179979124173,intermediate,VEGETABLES,26.85749434253076
2026-07-14,180 meals,12 staff,,49.606385889302715,1,0,12.146512213564119,intermediate,MeAt,13.579985201889382
2026-07-15,189 meals,10 staff,17.56651724377529,74.69192150797677,2,0,35.61329723738176,Beginner,VEGETABLES,18.00332394999918
2026-07-16,378 meals,9 staff,26.5698501645866,34.77923565722537,3,0,36.45287224544308,Beginner ,MeAt,26.203522351638917
2026-07-17,185 meals,17 staff,28.86844256112618,32.9137633977397,4,0,27.662560129205616,Beginner,dairy,16.178041882580246
2026-07-18,372 meals,8 staff,29.01222992788903,56.877221830871136,5,0,43.29254452765491,intermediate,Rice,36.183515580567125
2026-07-19,155 meals,12 staff,30.069442213191934,56.73832804932971,6,0,17.72653081690617,Beginner ,Rice,15.73482983367335
2026-07-20,471 meals,5 staff,32.45718843131329,83.73864918383009,0,0,13.784761819173488,EXPERT,Rice,26.034186584257856
2026-07-21,369 meals,18 staff,24.99917983929577,37.569185777269006,1,0,32.09867075737847,Beginner,Rice,26.742920535000916
2026-07-22,224 meals,13 staff,29.604983790591426,37.39703564714477,2,0,35.33634563198819,Beginner ,Bakery,19.01363524782499
2026-07-23,153 meals,5 staff,27.383454707316734,38.84715602849407,3,0,13.996238822072895,Beginner ,MeAt,7.207614809019278
2026-07-24,484 meals,12 staff,,31.784175677676156,4,1,8.064430570444529,Beginner ,Rice,26.924129211046942
2026-07-25,283 meals,8 staff,15.513792897388164,34.3039042688945,5,0,37.42065946345488,Beginner,Bakery,30.551430068185645
2026-07-26,267 meals,13 staff,20.690827713538674,69.59219200974235,6,0,44.060078945840495,EXPERT,Bakery,31.780921784078803
2026-07-27,243 meals,18 staff,23.860674126752386,55.89505974705055,0,0,30.786891442891374,Beginner ,Bakery,23.209779312203224
2026-07-28,211 meals,15 staff,27.342118888573125,75.81618402528082,1,0,16.114676005755765,Beginner,VEGETABLES,13.57638548037935
2026-07-29,343 meals,9 staff,31.999186610064108,89.55586311489961,2,0,44.86690434211168,intermediate,VEGETABLES,26.261630675441886
2026-07-30,484 meals,7 staff,18.92491433412331,69.54208086594008,3,0,40.7306654506831,Beginner,Bakery,39.560386192133066
2026-07-31,352 meals,13 staff,17.510995797969542,33.02733423720743,4,0,25.535225851211756,Beginner,Rice,26.602218160034834
2026-08-01,175 meals,15 staff,34.26959894948655,36.27377188526049,5,0,38.01285139367335,Beginner,MeAt,19.205170898170437
2026-08-02,322 meals,18 staff,17.160891187528144,82.86024508888246,6,0,37.632820930518676,Beginner ,dairy,25.939969972218787
2026-08-03,449 meals,18 staff,24.569821402143784,61.64975667349569,0,0,42.39195878693998,Beginner,VEGETABLES,36.968897368959524
2026-08-04,282 meals,13 staff,26.711274575866035,79.4902295637444,1,0,38.6369537509384,intermediate,Rice,23.21122157174008
2026-08-05,475 meals,8 staff,25.827488418148764,81.39674017349557,2,0,30.74716943828658,Beginner ,Rice,33.6918473321861
2026-08-06,267 meals,15 staff,16.720643140658865,85.66047248997116,3,1,29.372148758260295,intermediate,dairy,18.50217938719556
2026-08-07,473 meals,8 staff,16.140538280072388,86.98975232918195,4,0,23.69429153326447,EXPERT,dairy,37.44382221929403
2026-08-08,424 meals,16 staff,17.109668549220714,63.28954779019837,5,1,30.059425598830295,Beginner,Rice,28.156685522824205
2026-08-09,361,12 staff,26.71175367745225,50.46121033536203,6,0,36.80866346121531,Beginner ,dairy,31.03779590718799
2026-08-10,374 meals,6 staff,25.886897752686423,87.71189246087991,0,0,43.76150505210213,Beginner ,Rice,28.23438657662578
2026-08-11,169 meals,13 staff,,62.84438436007351,1,0,23.691494327284804,Beginner,dairy,15.067688820887291
2026-08-12,262 meals,17 staff,27.75548283691183,33.85516337727666,2,0,27.946128119550284,EXPERT,dairy,24.13769410615535
2026-08-13,289 meals,18 staff,31.401350041112988,68.56659300359189,3,0,22.79221980235127,EXPERT,Rice,24.590532082577408
2026-08-14,196 meals,10 staff,15.831579196931875,65.26108502370064,4,0,31.739544839336162,intermediate,Bakery,21.611728241109603
2026-08-15,150 meals,13,24.962598870960846,83.74757237368236,5,0,30.196820162450383,Beginner,Rice,16.14431306076593
2026-08-16,239 meals,12 staff,28.786208242053807,69.19123134946875,6,1,5.713351607744932,Beginner,MeAt,11.666152494006898
2026-08-17,291 meals,19 staff,20.04623854139374,50.943145467693085,0,0,26.646462364026338,EXPERT,dairy,19.31090735365048
2026-08-18,469 meals,19 staff,21.15541810586298,87.97354354234923,1,0,8.539475827960562,EXPERT,VEGETABLES,30.52323851170155
2026-08-19,187 meals,11 staff,27.272758059787677,78.09716915892201,2,0,6.055344720221534,EXPERT,dairy,11.476717136032336
2026-08-20,442 meals,17,32.95870586887474,67.82505710288126,3,0,36.64788648338793,Beginner,MeAt,33.95908362628207
2026-08-21,288 meals,18,31.198488406057987,47.575512204187376,4,0,15.345994486372021,intermediate,VEGETABLES,22.49990790720993
2026-08-22,482 meals,5 staff,26.66260438199167,52.41241777885773,5,0,18.62620309149197,Beginner,VEGETABLES,31.4480547781127
2026-08-23,408 meals,18 staff,29.604434355144985,70.1981954457994,6,0,7.5633835041626485,intermediate,Rice,22.286763291955896
2026-08-24,310 meals,16 staff,22.29644940415597,34.3188491077993,0,0,12.180010419774025,EXPERT,Bakery,21.387213471073746
2026-08-25,327 meals,7 staff,27.819310561975154,45.40083549901581,1,0,35.62419273031169,EXPERT,Rice,25.169618773558348
2026-08-26,159 meals,15 staff,24.32363182255114,72.83405600379588,2,1,24.741233209304838,Beginner ,VEGETABLES,10.718945530346465
2026-08-27,410 meals,18 staff,18.79872272915122,58.801110590677254,3,0,40.22673850200594,EXPERT,VEGETABLES,36.803548276655334
2026-08-28,287 meals,6 staff,,54.14361388886581,4,0,20.889685258673406,intermediate,Bakery,18.999295138400687
2026-08-29,321 meals,9 staff,,39.08745734402487,5,0,15.748029430170728,Beginner,dairy,19.861538940899162
2026-08-30,162,19 staff,22.172431639071828,56.51094206866396,6,1,18.90399257834604,EXPERT,Bakery,13.122947498125242
2026-08-31,317 meals,9,33.226783801572616,76.24151824561403,0,0,33.51087174067618,EXPERT,Rice,24.096645443050022
2026-09-01,279 meals,9 staff,15.418682356534665,45.84077076431358,1,1,27.200226893379444,intermediate,dairy,25.41406965253963
2026-09-02,233 meals,8 staff,21.31546302498992,30.323912531020646,2,1,41.16764830209711,Beginner,Rice,25.123663071255017
2026-09-03,470 meals,9 staff,16.13762795555293,70.11029406905897,3,1,29.08675077555533,Beginner ,Bakery,31.3146645332742
2026-09-04,468 meals,7 staff,30.330546324432543,88.35759626595316,4,0,24.720728339260127,intermediate,dairy,26.989211858673205
2026-09-05,250 meals,16 staff,29.042149082275852,66.40959381531496,5,0,36.430108955469315,Beginner,Bakery,24.340426132723056
2026-09-06,478 meals,5 staff,21.62704437472634,37.19531153562781,6,0,42.90135402933781,Beginner ,MeAt,29.418577176067256
2026-09-07,422,9 staff,28.51325804414146,49.243985540680384,0,0,19.233836449798822,Beginner,VEGETABLES,27.568389020647988
2026-09-08,414,17 staff,22.918744523918996,82.0584968832134,1,0,14.995048406619107,Beginner ,dairy,29.22805585655193
2026-09-09,187 meals,13 staff,30.125075828448686,43.95408445540971,2,0,29.648695851765567,Beginner ,VEGETABLES,18.43828398417683
2026-09-10,243 meals,17 staff,24.083673254734123,66.46175420985648,3,0,24.95491284615524,Beginner ,MeAt,23.25545576502466
2026-09-11,244 meals,13 staff,23.24559455663331,54.160272495239866,4,0,44.56742299459134,Beginner,dairy,21.882694181664142
2026-09-12,454 meals,8 staff,33.69459830976602,42.470623285178945,5,0,23.494471365909334,Beginner ,VEGETABLES,35.86396559563928
2026-09-13,218 meals,7 staff,20.017581997814005,78.80441361388078,6,0,7.973262054413834,intermediate,VEGETABLES,16.583834931949198
2026-09-14,467 meals,5 staff,17.408946799931307,74.56987658794142,0,0,44.09476243110544,EXPERT,dairy,38.0063263158663
2026-09-15,385 meals,6 staff,26.690862265189164,69.69546395755592,1,0,38.7434778237416,EXPERT,VEGETABLES,29.077859982451688
2026-09-16,483 meals,12 staff,34.386436245683576,44.18019541612507,2,0,12.130005758318534,Beginner ,VEGETABLES,25.495435417011915
2026-09-17,286 meals,5 staff,22.556784274543734,35.871420162987,3,1,41.18421012451477,EXPERT,dairy,26.442540752168295
2026-09-18,225 meals,12 staff,16.24073527257563,64.56955978955797,4,0,18.626672832869783,EXPERT,VEGETABLES,20.446336537837627
2026-09-19,184 meals,17 staff,21.78610534619135,63.220670012366,5,0,20.08447938137778,Beginner ,VEGETABLES,11.278781321798306
2026-09-20,150 meals,11 staff,,41.30310056009238,6,0,41.25565929448637,Beginner ,Rice,19.907929318171004
2026-09-21,445,19 staff,18.238460132644274,33.37480165891035,0,0,26.204622601412613,intermediate,Rice,32.31404759541514
2026-09-22,469 meals,12 staff,28.16204436112984,34.84250725163916,1,0,10.510517175940786,EXPERT,MeAt,29.3912016045849
2026-09-23,209 meals,16 staff,34.95498778020401,89.56625919076403,2,0,19.762246373672163,Beginner,Rice,18.572383415286748
2026-09-24,469 meals,10 staff,24.034789519628877,77.01503368457301,3,0,33.88389785071523,Beginner ,Rice,29.36238877760843
2026-09-25,498 meals,16 staff,22.09457113460425,85.31924855791036,4,0,11.967367522720668,Beginner ,MeAt,31.88554391037906
2026-09-26,477 meals,18 staff,23.014083336689332,41.7032833341818,5,0,28.609247896254352,EXPERT,VEGETABLES,32.6343553371634
