date,actual_food_waste_kg,predicted_food_waste_kg,residual,abs_error,fold,waste_category,staff_experience,day_of_week,is_weekend,month,special_event,past_waste_kg,meals_served,kitchen_staff,temperature_C,humidity_percent
2024-06-19,21.1656015040304,25.891871669664074,-4.726270165633675,4.726270165633675,1,Meat,Intermediate,2,0,6,0,43.728317108134654,265 meals,13 staff,26.619007597763584,50.93222499631742
2024-06-20,35.46930395899798,31.906601840885926,3.562702118112057,3.562702118112057,1,Dairy,Expert,3,0,6,0,41.91720312402426,382,13 staff,34.81358314131532,85.39012270525076
2024-06-21,29.590072559958,32.87687318141849,-3.2868006214604897,3.2868006214604897,1,Bakery,Intermediate,4,0,6,0,40.36301185240739,408 meals,6 staff,30.13460334137136,42.39859109350232
2024-06-22,21.43816726477321,21.841678029873485,-0.4035107651002754,0.4035107651002754,1,Meat,Expert,5,1,6,0,23.0835404135589,347 meals,19 staff,23.845876109022704,82.44654708154982
2024-06-23,24.52368699799432,23.851015148055012,0.6726718499393094,0.6726718499393094,1,Rice,Beginner,6,1,6,1,39.28771814347223,286 meals,6 staff,29.147940000658554,31.827468484229808
2024-06-24,22.519304453811237,26.721849535760683,-4.202545081949445,4.202545081949445,1,Dairy,Intermediate,0,0,6,0,6.935835277830624,467 meals,7 staff,22.78460943383577,35.4525923021789
2024-06-25,20.561012127118897,18.701304650724474,1.8597074763944228,1.8597074763944228,1,Dairy,Beginner,1,0,6,0,10.940696970284698,314 meals,5 staff,19.57750924966998,81.28050248305581
2024-06-26,21.62149970463813,23.661580701192243,-2.0400809965541136,2.0400809965541136,1,Meat,Expert,2,0,6,0,21.558707939362165,374 meals,8 staff,26.937037537755188,67.83336185455173
2024-06-27,24.2034232158631,30.54833644464103,-6.34491322877793,6.34491322877793,1,Dairy,Expert,3,0,6,0,24.335682667285056,456 meals,18 staff,,74.83416828237301
2024-06-28,27.28115539382264,22.70387841993243,4.577276973890211,4.577276973890211,1,Rice,Beginner,4,0,6,0,15.540286140834274,383 meals,8 staff,33.58279040030925,42.56506024931126
2024-06-29,18.428987751594537,19.237457445535796,-0.8084696939412588,0.8084696939412588,1,Meat,Beginner,5,1,6,0,19.259066833911497,321 meals,18 staff,21.838105562109806,62.22500733540621
2024-06-30,16.247256912303637,17.451268920711755,-1.2040120084081174,1.2040120084081174,1,Bakery,Expert,6,1,6,0,11.51104404101475,301 meals,13 staff,25.5535493244339,74.23315341427829
2024-07-01,33.05918218445825,28.94450272024123,4.114679464217023,4.114679464217023,1,Meat,Beginner,0,0,7,0,24.565361268636288,464 meals,13 staff,19.232717971397225,67.63884822061576
2024-07-02,26.686851179679174,25.717211310771777,0.9696398689073966,0.9696398689073966,1,Meat,Beginner,1,0,7,0,36.75373171471445,309 meals,13 staff,34.91262218997767,58.30192601347257
2024-07-03,25.02334849976667,22.55495501369281,2.468393486073861,2.468393486073861,1,Bakery,Expert,2,0,7,1,31.454415746452227,245,14 staff,34.62235815735872,87.58702718626289
2024-07-04,24.428933283346694,21.68055874623386,2.7483745371128343,2.7483745371128343,1,Rice,Expert,3,0,7,1,9.31168989462165,382 meals,11 staff,27.990178594148947,70.56944000720671
2024-07-05,22.44068730378522,24.025952267059346,-1.585264963274124,1.585264963274124,1,Vegetables,Beginner,4,0,7,0,24.503264135868644,329 meals,18 staff,31.088281193549467,84.46504801447426
2024-07-06,26.037516240814757,22.513920388888515,3.523595851926242,3.523595851926242,1,Vegetables,Expert,5,1,7,0,32.905855311189,262 meals,19 staff,29.302003225674,73.78623069442088
2024-07-07,31.71206300202646,29.6879685313057,2.0240944707207618,2.0240944707207618,1,Bakery,Expert,6,1,7,0,26.195811862157647,467 meals,6,26.863164380789364,74.12781171586099
2024-07-08,14.454943432355552,16.040999454866103,-1.586056022510551,1.586056022510551,1,Rice,Beginner,0,0,7,0,20.66702386142196,201 meals,14 staff,16.066959939777952,34.801096185460764
2024-07-09,30.68417792431208,31.03304330107707,-0.3488653767649872,0.3488653767649872,1,Dairy,Intermediate,1,0,7,0,29.87657685135513,417 meals,9 staff,24.09528685105322,51.56787731123661
2024-07-10,31.39527642407583,34.480053464737566,-3.0847770406617343,3.0847770406617343,1,Bakery,Expert,2,0,7,0,43.74554661201102,444 meals,8 staff,28.49572604334821,81.5021644031795
2024-07-11,18.24043802461911,17.572673229505817,0.6677647951132926,0.6677647951132926,1,Vegetables,Expert,3,0,7,0,8.79631639064312,262 meals,16 staff,28.55063227767369,43.95623172892536
2024-07-12,20.792549094014145,19.139513112536797,1.6530359814773483,1.6530359814773483,1,Rice,Expert,4,0,7,0,20.60064242990243,250 meals,15 staff,22.46245236844767,36.93035196938797
2024-07-13,19.840345561004657,18.311789263071955,1.5285562979327025,1.5285562979327025,1,Meat,Expert,5,1,7,0,21.264234121843828,262 meals,12 staff,33.833839733160616,49.56636339832761
2024-07-14,14.168788650908503,18.447249791943822,-4.278461141035319,4.278461141035319,1,Rice,Intermediate,6,1,7,0,28.07869241873484,230 meals,6 staff,18.34714064473562,43.22627309355684
2024-07-15,23.58930958393836,18.202034383983907,5.387275199954452,5.387275199954452,1,Rice,Beginner,0,0,7,0,11.086984075276716,336 meals,10 staff,25.00718892431121,85.5172916875893
2024-07-16,18.03099441121801,16.768304675937834,1.2626897352801763,1.2626897352801763,1,Vegetables,Beginner,1,0,7,0,12.06572119481878,262 meals,17 staff,28.817679531016456,82.07799852012786
2024-07-17,12.405461591340602,13.471470567906994,-1.0660089765663923,1.0660089765663923,1,Vegetables,Expert,2,0,7,0,16.414455439914185,151 meals,9 staff,28.942716117836184,59.98099381697425
2024-07-18,26.378441081685114,29.170068852385498,-2.7916277707003836,2.7916277707003836,1,Dairy,Intermediate,3,0,7,0,43.234801730740784,279 meals,19 staff,27.97277913537631,33.68063246903208
2024-07-19,27.14914529285402,28.9328103601838,-1.7836650673297818,1.7836650673297818,1,Dairy,Beginner,4,0,7,0,34.3643432492361,369 meals,16 staff,20.505764269037204,72.87374076558937
2024-07-20,18.556907332737676,18.258972541344807,0.29793479139286916,0.29793479139286916,1,Bakery,Expert,5,1,7,0,31.46773206766013,203 meals,6 staff,18.12413137373244,67.40470388017587
2024-07-21,38.21114232741657,32.60082363520916,5.610318692207407,5.610318692207407,1,Meat,Expert,6,1,7,1,37.67830749577049,492 meals,15 staff,,88.23328024370974
2024-07-22,20.130739498333256,22.227753574943762,-2.097014076610506,2.097014076610506,1,Dairy,Beginner,0,0,7,0,10.103058756667718,373 meals,14 staff,26.986042322788755,63.53719441622262
2024-07-23,29.68908740829578,30.41411663899925,-0.7250292307034698,0.7250292307034698,1,Vegetables,Expert,1,0,7,0,39.37331278895007,374 meals,19 staff,18.58712020578482,50.18362340417457
2024-07-24,22.005212737729536,21.02309549943115,0.982117238298386,0.982117238298386,1,Rice,Expert,2,0,7,0,28.79330855550016,275 meals,5 staff,29.102782911411268,61.14130161471334
2024-07-25,19.17335630584704,19.758137893882996,-0.5847815880359555,0.5847815880359555,1,Bakery,Intermediate,3,0,7,1,18.41316029835742,279 meals,12 staff,24.10343983467313,88.75579748427097
2024-07-26,19.53682732026922,21.504567925859785,-1.9677406055905635,1.9677406055905635,1,Dairy,Beginner,4,0,7,0,37.634210229827616,202 meals,6,28.35521183206306,71.78174595198183
2024-07-27,26.6701760805483,23.756654853505747,2.9135212270425512,2.9135212270425512,1,Rice,Beginner,5,1,7,0,37.102581373944965,321 meals,11 staff,31.74734159540301,70.31856827562306
2024-07-28,31.02844481830419,27.55082142074567,3.4776233975585207,3.4776233975585207,1,Rice,Expert,6,1,7,1,38.82834326866909,367 meals,13 staff,18.394568571538464,44.440895383553126
2024-07-29,15.621801001880195,18.76774860288976,-3.1459476010095653,3.1459476010095653,1,Dairy,Expert,0,0,7,0,9.620716004279286,309 meals,13 staff,15.382897359936734,74.61615105363705
2024-07-30,29.985623088103424,27.87738720093738,2.1082358871660425,2.1082358871660425,1,Meat,Beginner,1,0,7,0,43.77444979983104,347 meals,12 staff,30.582051727915736,75.01630976830631
2024-07-31,38.60846646684007,31.57580799064224,7.032658476197831,7.032658476197831,1,Meat,Intermediate,2,0,7,0,43.38504615158924,396 meals,15 staff,27.19394850305232,49.03733902655432
2024-08-01,29.250202725406677,30.486283418930498,-1.2360806935238209,1.2360806935238209,1,Bakery,Expert,3,0,8,0,19.29878582006966,473 meals,18 staff,28.992791392442435,59.02282994344279
2024-08-02,17.0994590839571,21.190882051345028,-4.091422967387928,4.091422967387928,1,Meat,Intermediate,4,0,8,1,7.635760728476786,352,16 staff,31.76309949977285,47.67619997642736
2024-08-03,17.012432581746886,20.13626211539784,-3.123829533650955,3.123829533650955,1,Bakery,Beginner,5,1,8,0,11.682226778751428,333 meals,14 staff,31.05621869649001,45.5223042194572
2024-08-04,23.21838468923829,26.69640077156848,-3.478016082330189,3.478016082330189,1,Vegetables,Beginner,6,1,8,0,44.71323301778788,272 meals,13 staff,34.21840293857649,31.55376421496911
2024-08-05,33.33750500307673,29.76732175536954,3.570183247707188,3.570183247707188,1,Dairy,Intermediate,0,0,8,0,27.52051772686652,404 meals,6 staff,25.718701577042363,47.11270467919992
2024-08-06,30.95352875506166,26.818510789479973,4.135017965581689,4.135017965581689,1,Rice,Expert,1,0,8,0,19.26487195304208,443 meals,10 staff,24.769912653198105,63.238196992696494
2024-08-07,22.539557123927825,26.954851659066655,-4.41529453513883,4.41529453513883,1,Bakery,Beginner,2,0,8,0,16.528107754001553,429 meals,8 staff,23.0377439978146,30.09607125294173
2024-08-08,28.92501970674609,28.01132764331167,0.9136920634344214,0.9136920634344214,1,Meat,Expert,3,0,8,0,15.2796694124379,474 meals,18 staff,18.07382085688409,46.993145028580045
2024-08-09,25.494341356762515,22.00907039958989,3.4852709571726237,3.4852709571726237,1,Bakery,Expert,4,0,8,0,31.566110602179283,247 meals,8 staff,26.45214465764045,82.88461993939501
2024-08-10,23.761249644013823,23.230155338472915,0.5310943055409076,0.5310943055409076,1,Bakery,Intermediate,5,1,8,0,21.77551326078744,347 meals,9 staff,,65.61891510644165
2024-08-11,31.060086384239533,29.805469274514394,1.2546171097251388,1.2546171097251388,1,Meat,Beginner,6,1,8,0,43.61642797474446,389 meals,16 staff,33.42615024425951,66.47176944485884
2024-08-12,31.07881531317939,23.352306259133417,7.726509054045973,7.726509054045973,1,Meat,Expert,0,0,8,0,32.35372122581445,293 meals,7 staff,26.663816085541956,54.2018583015812
2024-08-13,17.588500621610976,24.030306779141235,-6.441806157530259,6.441806157530259,1,Dairy,Beginner,1,0,8,0,36.68178364195845,246 meals,18 staff,26.856803610162203,70.58832860954466
2024-08-14,30.41064090298838,21.319235882994192,9.091405019994188,9.091405019994188,1,Rice,Beginner,2,0,8,0,16.709661943326395,350 meals,5 staff,22.0984932175402,41.395965973821546
2024-08-15,16.28023453587303,16.765850481974276,-0.4856159461012446,0.4856159461012446,1,Dairy,Beginner,3,0,8,0,8.167456364345034,273 meals,12 staff,16.03978703955415,79.1248086230515
2024-08-16,28.025164439466124,25.898873467693537,2.126290971772587,2.126290971772587,1,Dairy,Intermediate,4,0,8,0,24.51291349527524,336 meals,9 staff,15.634875307459772,37.00134719615399
2024-08-17,25.42313902070775,26.05864014741482,-0.6355011267070694,0.6355011267070694,1,Meat,Expert,5,1,8,0,17.583261861849092,475 meals,7 staff,23.466702883063952,69.36008127918656
2024-08-18,26.648245085947156,26.115404395072396,0.5328406908747603,0.5328406908747603,1,Meat,Beginner,6,1,8,0,13.083326600316948,498 meals,14 staff,16.691307561944758,50.46895954918098
2024-08-19,30.09183534145093,30.91159895934948,-0.8197636178985483,0.8197636178985483,1,Rice,Beginner,0,0,8,0,43.10568523203445,408 meals,18 staff,27.136939110802786,74.8507782349486
2024-08-20,21.37476503507699,22.508313064336,-1.1335480292590105,1.1335480292590105,1,Bakery,Intermediate,1,0,8,1,22.75952857368121,297 meals,11 staff,32.61946011279315,62.9858730759612
2024-08-21,24.569681524911708,25.103005517850512,-0.5333239929388043,0.5333239929388043,1,Dairy,Intermediate,2,0,8,0,11.988343681951426,401 meals,11 staff,32.65829633037444,57.141182308722975
2024-08-22,31.834213821981532,27.00500653917383,4.829207282807701,4.829207282807701,1,Rice,Beginner,3,0,8,0,12.946026107245563,495,5 staff,28.18090820264465,40.16534412559482
2024-08-23,14.53415011446882,20.88750305416135,-6.353352939692529,6.353352939692529,1,Dairy,Expert,4,0,8,0,16.22838969858376,296 meals,16 staff,19.224636629458622,68.20928785706117
2024-08-24,28.81244703150282,26.324019173903675,2.488427857599145,2.488427857599145,1,Bakery,Expert,5,1,8,0,44.97265072758851,297,13 staff,32.25993662717744,88.48619060522478
2024-08-25,24.800864610083096,21.934230614338972,2.866633995744124,2.866633995744124,1,Dairy,Expert,6,1,8,0,15.720460020783891,348 meals,19 staff,32.72186870626416,79.5362054944209
2024-08-26,31.54217956843444,28.13208735796298,3.4100922104714613,3.4100922104714613,1,Vegetables,Expert,0,0,8,1,18.152072183138145,457 meals,6 staff,18.933071699059173,33.60049155534071
2024-08-27,21.94037969093773,22.19015084068863,-0.2497711497509023,0.2497711497509023,1,Rice,Beginner,1,0,8,0,31.373125119360058,277 meals,9 staff,60.0,52.57376270167147
2024-08-28,13.143307924834238,13.363100320387455,-0.21979239555321683,0.21979239555321683,1,Meat,Expert,2,0,8,0,16.758455056411933,188 meals,17 staff,20.73039097854246,85.53498055141631
2024-08-29,28.16357739321088,29.328086962075297,-1.1645095688644176,1.1645095688644176,1,Dairy,Expert,3,0,8,0,13.632170042387736,487 meals,18 staff,31.052806247058594,60.18262485342129
2024-08-30,17.861804353025956,15.88540580093138,1.976398552094576,1.976398552094576,1,Rice,Beginner,4,0,8,0,11.345487465983949,278 meals,9 staff,34.94475799807205,69.72670954849076
2024-08-31,29.959985415208244,22.209757566782233,7.750227848426011,7.750227848426011,1,Rice,Beginner,5,1,8,0,17.507306601111686,416 meals,18 staff,15.600520106587856,84.75596073548343
2024-09-01,14.140701393174242,18.287615381432573,-4.146913988258332,4.146913988258332,1,Dairy,Expert,6,1,9,0,9.23662758515094,300 meals,12 staff,32.94731731581864,82.42768142519284
2024-09-02,21.71499786615775,23.90107139508517,-2.186073528927423,2.186073528927423,1,Meat,Expert,0,0,9,0,5.745863456591316,447 meals,18 staff,27.45261067197316,60.10922253243066
2024-09-03,19.56146643607983,23.315679906372107,-3.754213470292278,3.754213470292278,1,Meat,Expert,1,0,9,0,37.18566789338709,248 meals,12 staff,34.467652383296425,56.25877815945613
2024-09-04,25.038001564089956,25.321958183315676,-0.28395661922571946,0.28395661922571946,1,Dairy,Beginner,2,0,9,0,10.515797696583062,412 meals,18 staff,24.300190350528556,50.381557108775226
2024-09-05,34.16582677456705,29.136293899185272,5.029532875381779,5.029532875381779,1,Rice,Beginner,3,0,9,0,36.03907399260969,401 meals,11 staff,31.947758611427474,73.14116658977346
2024-09-06,21.45760948472908,24.979210137344232,-3.5216006526151524,3.5216006526151524,1,Meat,Beginner,4,0,9,0,36.90169915946639,293 meals,11 staff,,47.219207968292594
2024-09-07,32.97114423663953,32.9885870883128,-0.01744285167326609,0.01744285167326609,1,Dairy,Intermediate,5,1,9,0,26.516781053169723,495 meals,16,21.705581001565918,44.99325638585401
2024-09-08,21.353193219689903,18.72962877698935,2.623564442700552,2.623564442700552,1,Dairy,Beginner,6,1,9,0,17.387278332518058,261 meals,15 staff,,51.37499367622681
2024-09-09,16.04403321385776,16.339151147277143,-0.29511793341938386,0.29511793341938386,1,Dairy,Expert,0,0,9,1,10.801309349995538,209 meals,10 staff,34.50686266958141,40.63290341272752
2024-09-10,20.20992285424746,17.43351622436286,2.7764066298845975,2.7764066298845975,1,Rice,Intermediate,1,0,9,0,34.47220426883996,151 meals,10 staff,31.339478145436736,71.70718895674604
2024-09-11,27.797017563101686,30.74907018769911,-2.9520526245974246,2.9520526245974246,1,Meat,Intermediate,2,0,9,1,29.05547943927144,453 meals,15 staff,32.05094842491941,66.97443895983673
2024-09-12,31.823744710677172,28.339269255172855,3.4844754555043167,3.4844754555043167,1,Rice,Beginner,3,0,9,1,31.218138259742567,403 meals,13 staff,33.75930462867788,58.97271204695062
2024-09-13,15.49625252508654,17.19146114396723,-1.6952086188806916,1.6952086188806916,1,Vegetables,Expert,4,0,9,1,5.346763593805242,289 meals,10,16.702069722395706,53.41954675569328
2024-09-14,25.140689632156736,19.05888793502029,6.081801697136445,6.081801697136445,1,Meat,Beginner,5,1,9,0,42.10068062831298,186 meals,16 staff,,84.54375257380389
2024-09-15,19.0929819150628,16.840227737498275,2.252754177564526,2.252754177564526,1,Rice,Expert,6,1,9,0,7.65160749786201,309 meals,17 staff,16.420697780880044,31.74742709934632
2024-09-16,11.355168331751024,13.15858441503494,-1.8034160832839152,1.8034160832839152,1,Meat,Expert,0,0,9,0,19.672235405600222,158 meals,17 staff,19.21586203100057,76.14646461043796
2024-09-17,26.26897566248392,24.666252440061545,1.6027232224223766,1.6027232224223766,1,Vegetables,Intermediate,1,0,9,0,21.10846598606801,382 meals,6 staff,19.587315540753448,84.11457430493333
2024-09-18,16.371814475332624,14.970661565280476,1.4011529100521471,1.4011529100521471,1,Bakery,Intermediate,2,0,9,0,5.054220979917954,248 meals,6 staff,,56.78127476579556
2024-09-19,20.74597950497506,24.640399050931183,-3.894419545956122,3.894419545956122,1,Dairy,Intermediate,3,0,9,0,24.883572374031885,296,17 staff,60.0,63.041429488238805
2024-09-20,33.57011391049496,31.53578383243103,2.034330078063931,2.034330078063931,1,Rice,Expert,4,0,9,0,35.1123597804404,453,9 staff,60.0,86.66782127292228
2024-09-21,25.21939510653032,28.190622483599974,-2.9712273770696527,2.9712273770696527,1,Vegetables,Expert,5,1,9,0,37.93074612459088,357,19 staff,18.34982178188216,42.73665091713087
2024-09-22,27.699859723562646,23.98938688122785,3.710472842334795,3.710472842334795,1,Vegetables,Beginner,6,1,9,1,40.17587973223537,280 meals,8 staff,17.94551127104182,61.2080908670811
2024-09-23,22.233835278906284,21.859100943086652,0.3747343358196318,0.3747343358196318,1,Meat,Intermediate,0,0,9,0,24.50875473261478,301,15 staff,34.46153595824597,58.483267627692776
2024-09-24,21.95989346424439,17.929506636960774,4.030386827283618,4.030386827283618,1,Meat,Beginner,1,0,9,0,30.22544762118602,203 meals,6 staff,30.185850138369474,45.50355887222221
2024-09-25,17.466836977190127,17.603718501542886,-0.13688152435275924,0.13688152435275924,1,Dairy,Intermediate,2,0,9,0,8.18078853185995,269 meals,19,34.35522930539124,79.11559382238647
2024-09-26,21.634939109566357,21.708052247872672,-0.07311313830631505,0.07311313830631505,1,Meat,Expert,3,0,9,1,24.52152897127,310 meals,19 staff,23.79480973015817,83.97603568579416
2024-09-27,14.068682393409205,15.455500565493516,-1.3868181720843111,1.3868181720843111,1,Rice,Intermediate,4,0,9,0,11.19263019486941,265 meals,7 staff,20.567369633253133,76.91595478729253
2024-09-28,13.90651690949321,15.46131045815224,-1.5547935486590312,1.5547935486590312,1,Rice,Expert,5,1,9,0,19.785724704900858,224 meals,11 staff,30.96586394418373,41.7215376509165
2024-09-29,17.02939775602892,17.117884083651326,-0.08848632762240527,0.08848632762240527,1,Rice,Intermediate,6,1,9,0,18.17221251458397,262 meals,12 staff,21.52507836082293,35.204918130082895
2024-09-30,21.89377703525537,18.876206145555575,3.017570889699794,3.017570889699794,1,Bakery,Beginner,0,0,9,1,21.941623089660325,253 meals,16,20.987667474106964,66.32666911832054
2024-10-01,27.54083735457765,31.87981578461529,-4.338978430037638,4.338978430037638,1,Rice,Beginner,1,0,10,0,27.865464718965303,489,17 staff,19.650119844156624,33.42568563059304
2024-10-02,29.37734543183916,30.389024870636682,-1.0116794387975219,1.0116794387975219,1,Meat,Beginner,2,0,10,0,41.11506588251984,403 meals,10 staff,17.593579564484706,70.36955331348506
2024-10-03,27.610813856141185,24.561896565779566,3.0489172903616186,3.0489172903616186,1,Meat,Expert,3,0,10,0,20.77938525390021,376 meals,15 staff,20.12926122033532,61.82545321963456
2024-10-04,30.310431157792856,25.19109100882797,5.119340148964884,5.119340148964884,1,Rice,Expert,4,0,10,0,44.24524782846203,261 meals,9 staff,22.106394969477755,69.7671439646198
2024-10-05,20.05886052694326,22.00484341374468,-1.9459828868014206,1.9459828868014206,1,Vegetables,Beginner,5,1,10,0,35.36112192204811,248 meals,17 staff,28.47988416291461,65.41024641898464
2024-10-06,19.5973453431159,22.178959714860262,-2.5816143717443616,2.5816143717443616,1,Vegetables,Intermediate,6,1,10,1,25.45924187153533,302 meals,5 staff,16.25129684438903,55.362154171630365
2024-10-07,38.34979796405904,33.706946426009814,4.642851538049229,4.642851538049229,1,Vegetables,Beginner,0,0,10,1,30.761057484477764,498 meals,12 staff,19.21013879330686,42.052630808413696
2024-10-08,26.70590679488119,28.550429463315673,-1.8445226684344824,1.8445226684344824,1,Dairy,Intermediate,1,0,10,0,9.08896684527778,487 meals,7 staff,31.180472805833528,48.342128148629314
2024-10-09,26.1006312383824,29.347940842809386,-3.2473096044269845,3.2473096044269845,1,Bakery,Intermediate,2,0,10,0,38.7808612525462,343 meals,19 staff,17.938438471675415,61.47003445313859
2024-10-10,34.572143128933455,29.286630757471443,5.285512371462012,5.285512371462012,1,Rice,Beginner,3,0,10,0,28.29429820255864,459 meals,10 staff,21.85290293045043,69.11208561885636
2024-10-11,30.44325215232722,28.890495165461818,1.5527569868654005,1.5527569868654005,1,Dairy,Beginner,4,0,10,0,44.44269920838407,312 meals,7,32.2931784371628,76.76898101307171
2024-10-12,29.197107004940104,25.173317853217643,4.023789151722461,4.023789151722461,1,Vegetables,Expert,5,1,10,0,30.457149750113963,357,11 staff,18.098506222868853,76.03024310694366
2024-10-13,24.882020253916863,24.66957950314717,0.21244075076969438,0.21244075076969438,1,Rice,Intermediate,6,1,10,0,38.364463330653,318 meals,17,16.6547367123638,88.36132459566512
2024-10-14,27.721628936780792,27.38077314692401,0.3408557898567821,0.3408557898567821,1,Dairy,Beginner,0,0,10,0,36.9905097118096,310,18 staff,24.690759901600217,47.15048691980456
2024-10-15,20.234392300388706,16.49642111369093,3.737971186697777,3.737971186697777,1,Meat,Expert,1,0,10,0,18.818446058730757,217 meals,11 staff,21.048390225570728,34.266642492806206
2024-10-16,28.4377105847432,27.20503898497075,1.232671599772452,1.232671599772452,1,Vegetables,Intermediate,2,0,10,0,15.384425009328467,438 meals,16,,50.73941613251156
2024-10-17,30.725532756237385,28.38783761929351,2.337695136943875,2.337695136943875,1,Dairy,Beginner,3,0,10,0,22.2197433372604,426 meals,19 staff,31.076097809669506,74.5976685134446
2024-10-18,33.96632378279475,28.00616334485013,5.960160437944623,5.960160437944623,1,Meat,Beginner,4,0,10,0,23.689653776353484,453 meals,13 staff,17.742969763054862,56.28669906199771
2024-10-19,19.864025582505796,17.43786011428687,2.426165468218926,2.426165468218926,1,Vegetables,Intermediate,5,1,10,0,14.603388077465755,284 meals,9 staff,26.613981691085694,79.06730583536516
2024-10-20,27.73981169806417,28.514989367109102,-0.7751776690449326,0.7751776690449326,1,Bakery,Intermediate,6,1,10,0,40.78391493403888,344 meals,19 staff,25.11017520779728,62.959581911160896
2024-10-21,24.491907808203614,20.694740792873574,3.7971670153300394,3.7971670153300394,1,Vegetables,Beginner,0,0,10,1,26.70191449202584,277 meals,12,17.881575720263992,85.78750335783019
2024-10-22,19.02421665314096,22.11836618720493,-3.0941495340639698,3.0941495340639698,1,Bakery,Intermediate,1,0,10,0,44.13777568614278,182 meals,14 staff,27.47996971057965,86.87180651994413
2024-10-23,26.803254854922034,28.024140294215286,-1.2208854392932516,1.2208854392932516,1,Bakery,Expert,2,0,10,1,37.40071112185053,325 meals,14 staff,20.472808357215435,34.15827036112492
2024-10-24,18.482696012090837,17.800548665097732,0.682147346993105,0.682147346993105,1,Bakery,Intermediate,3,0,10,1,27.22819441567784,171 meals,12 staff,24.75668637088025,57.38480638274546
2024-10-25,22.56234666986346,29.693349169393883,-7.131002499530425,7.131002499530425,1,Rice,Expert,4,0,10,0,42.88161112577437,387 meals,5,16.64544648554124,66.58134367497408
2024-10-26,23.66588787718309,20.849019708359975,2.816868168823113,2.816868168823113,1,Rice,Expert,5,1,10,0,25.19499260381228,307 meals,16 staff,24.19168114427246,45.352352448732766
2024-10-27,22.39415636600748,19.720089994851627,2.6740663711558526,2.6740663711558526,1,Bakery,Beginner,6,1,10,0,40.48426050074682,187,9 staff,21.129269360856405,54.42460676273882
2024-10-28,21.33993260966283,22.988046860824337,-1.6481142511615055,1.6481142511615055,1,Meat,Expert,0,0,10,1,19.32579124783222,379 meals,7 staff,31.447624223707088,70.6608924670619
2024-10-29,17.02129037609707,16.352434859513483,0.6688555165835872,0.6688555165835872,1,Bakery,Expert,1,0,10,1,20.14569533616376,200 meals,5,16.139574539947365,43.60405361390168
2024-10-30,27.737413699419346,27.06060553078524,0.676808168634107,0.676808168634107,1,Dairy,Expert,2,0,10,0,21.725227318837245,413 meals,8,23.3721454983666,66.11888117846715
2024-10-31,29.76142309246988,29.043094305572478,0.718328786897402,0.718328786897402,1,Bakery,Intermediate,3,0,10,0,26.86502583772985,432 meals,12 staff,24.16862848262876,71.84686968985837
2024-11-01,20.510184653671423,17.732655579952606,2.777529073718817,2.777529073718817,1,Rice,Intermediate,4,0,11,0,27.139610807952963,176 meals,7 staff,29.50012152598237,35.429778665752
2024-11-02,28.84351512967661,23.837539779296062,5.005975350380549,5.005975350380549,1,Rice,Beginner,5,1,11,0,24.855956867083368,375 meals,14 staff,26.48575150180422,59.85175896164717
2024-11-03,28.391960235138036,26.67203530888075,1.7199249262572849,1.7199249262572849,1,Dairy,Expert,6,1,11,0,17.2400389433267,426 meals,6 staff,28.344246743883623,45.78480179545144
2024-11-04,31.303812989761383,34.25395289617023,-2.9501399064088503,2.9501399064088503,1,Dairy,Beginner,0,0,11,0,42.08825859163324,435 meals,15 staff,30.540985713035123,73.46318135988267
2024-11-05,20.811009162639905,22.085460955966393,-1.274451793326488,1.274451793326488,1,Vegetables,Expert,1,0,11,0,28.54344389397017,246 meals,13 staff,32.24405947316377,41.37333051221643
2024-11-06,31.59617481341684,26.840963705889504,4.755211107527337,4.755211107527337,1,Meat,Intermediate,2,0,11,0,21.309568647663795,433 meals,14 staff,21.27750993444941,83.53427493228638
2024-11-07,31.970138063879546,31.643794410923846,0.3263436529556998,0.3263436529556998,1,Meat,Intermediate,3,0,11,0,31.04707842974473,466 meals,9 staff,25.760454107278058,55.856480191099614
2024-11-08,38.02838715195838,33.306146407574836,4.722240744383541,4.722240744383541,1,Meat,Intermediate,4,0,11,0,35.718670312392206,453 meals,18 staff,31.802161568784,41.88018181845321
2024-11-09,29.836317277943422,25.36609992557475,4.470217352368671,4.470217352368671,1,Rice,Beginner,5,1,11,1,43.429123529129726,296 meals,11 staff,34.78902261930113,56.28130778101976
2024-11-10,20.273271635887724,14.230471777358177,6.042799858529547,6.042799858529547,1,Meat,Expert,6,1,11,0,24.981966490703304,153 meals,15 staff,32.79038622087526,54.52462576851167
2024-11-11,8.843185455254734,13.510653783768438,-4.667468328513705,4.667468328513705,1,Vegetables,Intermediate,0,0,11,0,9.483940414030352,184 meals,15 staff,,55.735137569622616
2024-11-12,23.375217001364376,23.404377045877627,-0.029160044513250938,0.029160044513250938,1,Vegetables,Expert,1,0,11,0,22.630632057461654,341 meals,6 staff,18.903330344373007,65.13367760984681
2024-11-13,16.967253668417502,16.996264869637454,-0.029011201219951488,0.029011201219951488,1,Meat,Intermediate,2,0,11,0,24.158822458138857,198 meals,13 staff,24.78785074813177,61.27042349481225
2024-11-14,22.3824488575337,22.69691935413389,-0.31447049660019033,0.31447049660019033,1,Dairy,Expert,3,0,11,0,40.87976312742696,166 meals,17 staff,29.832829036720845,38.98662790085416
2024-11-15,20.071816475907895,23.362790896957414,-3.290974421049519,3.290974421049519,1,Vegetables,Expert,4,0,11,0,20.79203073851812,321 meals,13 staff,24.85138141506595,33.93474435879818
2024-11-16,26.567070058536228,29.473870752865437,-2.9068006943292097,2.9068006943292097,1,Dairy,Beginner,5,1,11,0,43.13297059548554,369 meals,8 staff,24.66361726627337,73.76492692359244
2024-11-17,23.8061760135074,19.823799237215688,3.982376776291712,3.982376776291712,1,Rice,Beginner,6,1,11,0,24.40527630857339,307 meals,8 staff,31.76460842163601,63.58304615569881
2024-11-18,21.835946267986948,22.31122851370395,-0.4752822457170005,0.4752822457170005,1,Vegetables,Beginner,0,0,11,0,43.95122003915716,195 meals,10 staff,22.228075581343727,51.54004608475582
2024-11-19,7.936288728171044,10.948929429334584,-3.01264070116354,3.01264070116354,1,Dairy,Expert,1,0,11,0,5.327932845238488,155,14 staff,32.19589349623291,78.50146934988443
2024-11-20,22.607357751592367,23.92456227087217,-1.3172045192798016,1.3172045192798016,1,Meat,Intermediate,2,0,11,0,40.95261499225386,248 meals,14 staff,23.136096019034472,53.28350845565742
2024-11-21,32.14511169687243,29.570061013540926,2.575050683331508,2.575050683331508,1,Rice,Expert,3,0,11,0,42.24481807773402,382 meals,14 staff,21.56466211356679,77.75790537603646
2024-11-22,19.10167864232013,22.247521202908928,-3.1458425605887967,3.1458425605887967,1,Bakery,Beginner,4,0,11,0,43.44083743060853,186 meals,10,,48.34536765074248
2024-11-23,22.524331168991303,22.85911451768787,-0.33478334869656834,0.33478334869656834,1,Bakery,Expert,5,1,11,0,5.523061366984594,429,16 staff,30.24893917349737,34.370717852711984
2024-11-24,25.974271093840244,24.862052899429408,1.1122181944108362,1.1122181944108362,1,Meat,Intermediate,6,1,11,0,11.86803346201236,498,5 staff,17.520040557279884,85.95838162799575
2024-11-25,30.06764179515952,29.557640527165432,0.5100012679940882,0.5100012679940882,1,Rice,Beginner,0,0,11,0,31.150580123729448,451,18 staff,18.928384317440347,53.67306775688239
2024-11-26,19.36710285514016,17.265789403142605,2.101313451997555,2.101313451997555,1,Rice,Expert,1,0,11,0,6.018907669404285,330,18 staff,34.02889651326184,77.56155437096268
2024-11-27,16.417537540426395,13.401641979444005,3.01589556098239,3.01589556098239,1,Rice,Beginner,2,0,11,0,7.544359847060029,244,13 staff,18.50983254762715,46.74864799333827
2024-11-28,15.634631704405976,15.433251511664121,0.2013801927418548,0.2013801927418548,1,Rice,Intermediate,3,0,11,0,13.843154947737675,248 meals,6 staff,26.354546358621093,68.78190672741937
2024-11-29,27.402768405443226,23.98683306326389,3.415935342179335,3.415935342179335,1,Bakery,Intermediate,4,0,11,0,25.497590749755368,337 meals,9 staff,26.58628933323876,82.3986523954637
2024-11-30,18.38268993839036,21.088018042606553,-2.7053281042161927,2.7053281042161927,1,Dairy,Beginner,5,1,11,1,26.8361023706723,265 meals,13 staff,24.79248924100489,32.49864134039882
2024-12-01,14.35143765852109,17.09942876529774,-2.7479911067766505,2.7479911067766505,1,Rice,Expert,6,1,12,1,6.370444911740174,340 meals,8 staff,27.89490497153637,79.83814588116536
2024-12-02,19.635431449830957,24.470442952805623,-4.835011502974666,4.835011502974666,2,Dairy,Expert,0,0,12,0,11.814690031261248,402,15 staff,19.59653451595237,64.27998029831572
2024-12-03,19.770247703674336,23.530983361016823,-3.7607356573424866,3.7607356573424866,2,Rice,Beginner,1,0,12,1,24.98822693338621,310 meals,7 staff,,66.44830523451415
2024-12-04,24.93860774897202,29.283567826539926,-4.3449600775679045,4.3449600775679045,2,Vegetables,Expert,2,0,12,0,28.75762483773621,405 meals,19 staff,22.443465104937943,61.38948004835896
2024-12-05,32.94428211152332,27.38115645372316,5.56312565780016,5.56312565780016,2,Vegetables,Expert,3,0,12,0,10.936067859448617,472 meals,11 staff,,82.46850619701854
2024-12-06,15.485434580574376,21.083535529807943,-5.598100949233567,5.598100949233567,2,Vegetables,Beginner,4,0,12,0,20.953656477878827,277,10 staff,17.82447086746299,32.60600143413825
2024-12-07,23.51510394839417,20.611933678190763,2.9031702702034075,2.9031702702034075,2,Rice,Intermediate,5,1,12,1,41.176057460678095,167 meals,12,26.417548336789523,45.661703492150885
2024-12-08,34.91140489723224,33.9583499749808,0.9530549222514395,0.9530549222514395,2,Dairy,Beginner,6,1,12,0,44.95597148184688,430 meals,7 staff,18.705407107666478,82.54575233154932
2024-12-09,32.62037485872743,31.631471591061207,0.9889032676662239,0.9889032676662239,2,Bakery,Expert,0,0,12,0,44.48857819324565,372 meals,9 staff,20.572861262300727,75.14074215191735
2024-12-10,19.512904985311074,22.284496047512032,-2.771591062200958,2.771591062200958,2,Meat,Intermediate,1,0,12,0,40.2669804114749,203 meals,14,19.374196006471664,31.05870961071635
2024-12-11,17.5622792300834,17.002742619118095,0.5595366109653064,0.5595366109653064,2,Bakery,Beginner,2,0,12,0,20.786403517997837,207 meals,8 staff,18.656755597376343,61.02037699258252
2024-12-12,30.597135839685315,33.229516538462114,-2.6323806987767995,2.6323806987767995,2,Rice,Beginner,3,0,12,0,32.462971682991366,472 meals,19,31.51421903121334,61.77436084276049
2024-12-13,25.417405279495725,23.264511439434724,2.152893840061001,2.152893840061001,2,Vegetables,Expert,4,0,12,0,21.663689111367948,323 meals,17 staff,20.714151353217808,54.052928107674624
2024-12-14,33.74886475545314,30.443364850335747,3.3054999051173937,3.3054999051173937,2,Vegetables,Expert,5,1,12,0,30.941081072968117,429,8 staff,33.54247563728899,47.84359992371938
2024-12-15,17.958603841036034,18.433718802855942,-0.47511496181990864,0.47511496181990864,2,Dairy,Beginner,6,1,12,0,17.37729883877933,263 meals,8,34.39853050690382,70.90349102474053
2024-12-16,30.416334727261148,30.660517536743615,-0.24418280948246718,0.24418280948246718,2,Rice,Expert,0,0,12,0,29.24809014441328,437 meals,14 staff,26.42520939874195,42.46742788228523
2024-12-17,33.633273656914696,31.91016883062292,1.7231048262917774,1.7231048262917774,2,Bakery,Expert,1,0,12,0,25.950339862114,491 meals,12,17.860022453314528,77.93691372430237
2024-12-18,17.938591473931762,17.006243277712112,0.9323481962196496,0.9323481962196496,2,Rice,Expert,2,0,12,0,5.979210632527998,300 meals,10 staff,22.490964867591625,78.18222964604831
2024-12-19,27.86087396435421,25.027327600514994,2.833546363839215,2.833546363839215,2,Rice,Expert,3,0,12,0,36.62811614984455,276 meals,7 staff,30.95464526696428,54.915686254369234
2024-12-20,19.83031176257277,18.107993970903912,1.722317791668857,1.722317791668857,2,Vegetables,Expert,4,0,12,1,5.475913289806225,304 meals,14 staff,,47.01288065457886
2024-12-21,26.031348515002275,25.30217561031897,0.7291729046833062,0.7291729046833062,2,Bakery,Beginner,5,1,12,0,16.72623769013207,422 meals,9 staff,16.740344366055776,47.03269089544279
2024-12-22,12.789415330583196,13.743674422476072,-0.9542590918928759,0.9542590918928759,2,Meat,Expert,6,1,12,0,5.236962618160095,253 meals,10 staff,26.13569821856376,58.9374794397726
2024-12-23,30.84927632312681,28.075707267350072,2.7735690557767363,2.7735690557767363,2,Vegetables,Beginner,0,0,12,0,20.048056531807926,448 meals,9 staff,,73.17475348496153
2024-12-24,21.53906909130737,22.54331180557618,-1.0042427142688126,1.0042427142688126,2,Bakery,Expert,1,0,12,0,7.526421126565572,395 meals,10 staff,30.918527742870047,51.532121459631526
2024-12-25,29.053363428834476,29.049495248967943,0.0038681798665329836,0.0038681798665329836,2,Dairy,Expert,2,0,12,1,41.540438673249646,325 meals,12 staff,,66.60260072746509
2024-12-26,17.479100213507696,16.53270814561259,0.9463920678951041,0.9463920678951041,2,Vegetables,Expert,3,0,12,0,21.627171806514745,188 meals,11 staff,28.45529228824933,52.94906763495566
2024-12-27,25.890620214598997,23.410111295088953,2.4805089195100436,2.4805089195100436,2,Dairy,Intermediate,4,0,12,0,23.3798309945764,319 meals,9 staff,19.41008526871294,48.27139134908301
2024-12-28,26.28074725881512,24.995570527228157,1.2851767315869616,1.2851767315869616,2,Vegetables,Intermediate,5,1,12,0,18.994009443634194,396,14 staff,,31.49157095494765
2024-12-29,16.018480012799536,17.5416263601624,-1.5231463473628644,1.5231463473628644,2,Rice,Expert,6,1,12,0,30.10024616807065,175 meals,10 staff,32.481435466103704,30.23484634412344
2024-12-30,39.0539284310118,33.16752105418892,5.886407376822881,5.886407376822881,2,Bakery,Expert,0,0,12,0,36.37632466472815,455 meals,18 staff,19.993379054804603,43.63246066992026
2024-12-31,21.968786351217968,17.585555569675066,4.383230781542903,4.383230781542903,2,Dairy,Intermediate,1,0,12,0,30.92586972195912,162 meals,8 staff,20.264946930360225,54.384377208059725
2025-01-01,30.674475348984032,33.29437295275869,-2.6198976037746604,2.6198976037746604,2,Vegetables,Expert,2,0,1,0,34.9282847358051,465 meals,16,15.013067815225993,81.07567004172361
2025-01-02,32.736369231338024,35.69288040250079,-2.9565111711627665,2.9565111711627665,2,Dairy,Expert,3,0,1,0,41.23894654037042,462 meals,13 staff,32.41338068251035,77.90905457582552
2025-01-03,18.75451793447992,21.93074970381065,-3.1762317693307303,3.1762317693307303,2,Vegetables,Expert,4,0,1,0,39.54186126685715,185,17 staff,30.85189626418269,46.02991575527939
2025-01-04,28.234354108188786,25.41861758142922,2.815736526759565,2.815736526759565,2,Vegetables,Expert,5,1,1,0,31.962338110147837,322 meals,8 staff,27.54657870181356,44.67242657905796
2025-01-05,18.031085130023644,12.373512928486536,5.657572201537109,5.657572201537109,2,Meat,Intermediate,6,1,1,0,13.585518516177144,169,5 staff,30.005315278776845,43.63932426420165
2025-01-06,31.13361441098949,32.06054419805124,-0.9269297870617486,0.9269297870617486,2,Meat,Expert,0,0,1,0,30.508114041677157,470 meals,11 staff,18.04097134848984,50.35424043173202
2025-01-07,28.730802222632853,27.75730207234146,0.9735001502913931,0.9735001502913931,2,Meat,Intermediate,1,0,1,0,25.24332382962044,413 meals,11,24.16647189175151,59.89192317370112
2025-01-08,22.39881319132728,25.11894161776186,-2.7201284264345773,2.7201284264345773,2,Dairy,Expert,2,0,1,0,33.6887692404168,291 meals,8 staff,22.02438774697562,56.32006632189453
2025-01-09,31.19575807536385,26.06052304392593,5.135235031437922,5.135235031437922,2,Rice,Beginner,3,0,1,0,38.3172659357166,292 meals,17 staff,,43.09639192688962
2025-01-10,24.93714299186646,22.93588190770879,2.001261084157669,2.001261084157669,2,Vegetables,Intermediate,4,0,1,0,34.7088598874567,241 meals,18 staff,24.72260970429848,37.82708459661709
2025-01-11,32.734827347823845,34.54950936320462,-1.8146820153807752,1.8146820153807752,2,Bakery,Intermediate,5,1,1,0,38.86244679845141,471 meals,7 staff,33.414793006852705,30.754668749171724
2025-01-12,17.809373147235227,23.102224617659708,-5.2928514704244805,5.2928514704244805,2,Meat,Beginner,6,1,1,0,7.554654933640954,437 meals,12 staff,15.80118238101389,39.23779431999023
2025-01-13,23.192201632134267,20.313729395084508,2.8784722370497597,2.8784722370497597,2,Dairy,Intermediate,0,0,1,0,6.264801529498558,364 meals,9 staff,20.82921826987588,72.32138221164709
2025-01-14,27.434552393751847,29.471715663975864,-2.037163270224017,2.037163270224017,2,Dairy,Expert,1,0,1,0,15.340022707983758,491 meals,14 staff,19.150818724114067,44.618314160734975
2025-01-15,24.836189516936315,22.50657863399404,2.3296108829422764,2.3296108829422764,2,Dairy,Expert,2,0,1,0,41.026643364345134,200 meals,11 staff,19.762933073313924,58.116108607290585
2025-01-16,27.364982022358927,26.182483629272266,1.1824983930866608,1.1824983930866608,2,Bakery,Beginner,3,0,1,0,37.94637003935895,302 meals,8 staff,,65.47806893539467
2025-01-17,20.939839475371585,26.142554293493742,-5.202714818122157,5.202714818122157,2,Bakery,Expert,4,0,1,0,32.309091911812466,335 meals,8 staff,24.361381084685803,83.21045416989642
2025-01-18,18.088773813855507,18.9708385506303,-0.8820647367747938,0.8820647367747938,2,Meat,Expert,5,1,1,0,33.03034669758864,212 meals,12 staff,24.32598825879637,83.33130590360517
2025-01-19,26.10761156924032,26.087865008658007,0.01974656058231261,0.01974656058231261,2,Bakery,Expert,6,1,1,0,34.0668187703285,339 meals,18,30.211512849105645,74.74402402088154
2025-01-20,24.483862438062975,25.869316894661324,-1.3854544565983495,1.3854544565983495,2,Meat,Expert,0,0,1,0,42.70410801938988,274 meals,12 staff,18.08984408009852,32.10941952291009
2025-01-21,26.78479868234685,26.1605289721895,0.6242697101573498,0.6242697101573498,2,Bakery,Beginner,1,0,1,1,38.2876460923023,299 meals,6 staff,24.745307082001016,64.50422514512489
2025-01-22,33.33482898277853,31.2580394471438,2.076789535634731,2.076789535634731,2,Bakery,Beginner,2,0,1,0,29.9356154810819,463,18 staff,23.599704282421197,77.19500824989039
2025-01-23,25.206665035606928,20.156952612709265,5.049712422897663,5.049712422897663,2,Bakery,Intermediate,3,0,1,0,31.62861741028562,207 meals,6 staff,26.93821381093312,31.03728268580179
2025-01-24,30.03152357536287,28.328233388529693,1.7032901868331756,1.7032901868331756,2,Meat,Expert,4,0,1,0,13.549610482444878,491 meals,7 staff,34.99115406500877,62.98107681939469
2025-01-25,36.5611290990349,30.497156647357922,6.063972451676978,6.063972451676978,2,Vegetables,Intermediate,5,1,1,0,31.292753006250894,454 meals,19 staff,30.38897788164094,81.46584874716177
2025-01-26,21.61569779239762,21.531825635866635,0.08387215653098323,0.08387215653098323,2,Meat,Intermediate,6,1,1,0,21.98716049673834,329 meals,16 staff,22.957314060348544,58.44612455053601
2025-01-27,22.781182687809952,19.75161391964295,3.029568768167003,3.029568768167003,2,Vegetables,Expert,0,0,1,0,11.11847482422975,319 meals,16 staff,31.55106104548094,30.246372173846908
2025-01-28,33.783239559489104,34.805056184661765,-1.0218166251726615,1.0218166251726615,2,Dairy,Beginner,1,0,1,1,37.25611276986297,475 meals,7,18.414167266249603,30.660801500136447
2025-01-29,25.871914793210884,28.23922298599149,-2.3673081927806052,2.3673081927806052,2,Dairy,Intermediate,2,0,1,0,25.409883992125827,420,5 staff,15.609273726179202,54.99816224482503
2025-01-30,20.501270225639352,22.650428474198172,-2.1491582485588197,2.1491582485588197,2,Meat,Expert,3,0,1,0,44.09700166757686,203 meals,19 staff,19.088967449285462,39.30052004500527
2025-01-31,9.454286478063896,17.426804546771976,-7.97251806870808,7.97251806870808,2,Vegetables,Intermediate,4,0,1,1,16.267174178980998,250,18 staff,21.808231122285196,69.86703942559558
2025-02-01,30.4802892164814,27.340876108612587,3.139413107868812,3.139413107868812,2,Vegetables,Expert,5,1,2,0,24.22680449220307,413 meals,7 staff,25.2116151491912,72.52795589436923
2025-02-02,13.105360347006393,17.06510996332553,-3.9597496163191366,3.9597496163191366,2,Vegetables,Beginner,6,1,2,0,22.919818186754725,202 meals,10 staff,27.302582810824,40.67278772763771
2025-02-03,17.623789973032096,14.241676886391291,3.382113086640805,3.382113086640805,2,Dairy,Intermediate,0,0,2,0,9.831180897303147,209 meals,12 staff,33.21211434428844,83.3119973114691
2025-02-04,18.940721839007733,19.394008063511876,-0.4532862245041436,0.4532862245041436,2,Meat,Beginner,1,0,2,0,22.04461115323118,257 meals,17 staff,25.197080191009157,56.51447069873555
2025-02-05,7.986047232646822,13.523234582223353,-5.537187349576531,5.537187349576531,2,Rice,Expert,2,0,2,0,16.502138256836997,154 meals,16 staff,25.025512892514588,38.57075445551543
2025-02-06,12.670655167281788,16.395929373711926,-3.7252742064301376,3.7252742064301376,2,Vegetables,Expert,3,0,2,0,11.412818854677376,252,18 staff,16.004860196459642,75.85509588416373
2025-02-07,22.707771835376665,22.12196218910924,0.5858096462674247,0.5858096462674247,2,Vegetables,Beginner,4,0,2,0,16.286223361445572,345 meals,14 staff,15.698231053124475,77.39847000100637
2025-02-08,19.20914787756505,23.929298777883886,-4.720150900318835,4.720150900318835,2,Rice,Beginner,5,1,2,0,14.33006765065568,411,10 staff,26.023199238327443,68.35772835992745
2025-02-09,37.02871739293363,33.766156568731105,3.2625608242025237,3.2625608242025237,2,Meat,Intermediate,6,1,2,1,34.36294124023512,499 meals,9 staff,23.76357226496689,81.20793319215318
2025-02-10,7.120305274931571,12.31944673221626,-5.199141457284689,5.199141457284689,2,Vegetables,Expert,0,0,2,0,6.231007130366404,196 meals,19 staff,31.78360789960597,74.24237832184028
2025-02-11,29.692623979365088,30.72588983452186,-1.0332658551567704,1.0332658551567704,2,Meat,Beginner,1,0,2,0,29.69850991652885,460 meals,8 staff,18.213591694236904,82.93234423361943
2025-02-12,34.074097110407955,33.155265885991106,0.9188312244168486,0.9188312244168486,2,Vegetables,Expert,2,0,2,0,35.42645368094426,457 meals,7 staff,15.499433242340992,56.03328290912877
2025-02-13,23.321513548147276,21.78896928088761,1.5325442672596665,1.5325442672596665,2,Bakery,Beginner,3,0,2,0,24.228938258758927,293 meals,17 staff,23.98077535860252,74.85582768596655
2025-02-14,35.97193914887784,33.03492020273869,2.9370189461391476,2.9370189461391476,2,Vegetables,Beginner,4,0,2,1,42.262599200316735,418,8 staff,19.74957113504515,89.98509380574266
2025-02-15,19.724930302299164,22.430953977653246,-2.706023675354082,2.706023675354082,2,Bakery,Expert,5,1,2,0,33.31522780946141,273 meals,18 staff,15.992287466776748,73.49587185117716
2025-02-16,22.299725436700484,22.4527656042945,-0.15304016759401406,0.15304016759401406,2,Meat,Expert,6,1,2,0,34.916946052456694,255 meals,11 staff,29.49196573695258,36.85102681422793
2025-02-17,22.49220035524282,19.265493728055304,3.2267066271875144,3.2267066271875144,2,Vegetables,Expert,0,0,2,0,12.87733949763481,307 meals,5 staff,17.231859999144948,61.09912334575098
2025-02-18,24.702911012020486,26.019392192371406,-1.3164811803509195,1.3164811803509195,2,Dairy,Expert,1,0,2,1,36.09182303356294,296 meals,11 staff,27.166390000155435,65.24086747458168
2025-02-19,27.067960186610765,26.47931983799345,0.5886403486173144,0.5886403486173144,2,Dairy,Expert,2,0,2,0,38.28378944332459,294 meals,5 staff,20.620995003337782,40.45264050428346
2025-02-20,19.77251443620408,18.839966418420396,0.9325480177836845,0.9325480177836845,2,Rice,Expert,3,0,2,0,19.450655536239584,269 meals,6 staff,18.46992100710044,87.77349805068226
2025-02-21,31.36406827026913,28.067359947405844,3.296708322863285,3.296708322863285,2,Dairy,Expert,4,0,2,0,13.534522721318847,468 meals,19,,40.53478665807698
2025-02-22,25.92288056791654,26.908558183526015,-0.9856776156094753,0.9856776156094753,2,Bakery,Intermediate,5,1,2,1,20.402027168144667,424 meals,8 staff,31.028915524459077,40.653475182793365
2025-02-23,18.255448841892544,21.47145730348541,-3.216008461592864,3.216008461592864,2,Dairy,Expert,6,1,2,0,34.58431876000549,241 meals,5 staff,22.841871538091453,84.9100282784733
2025-02-24,13.95805240001674,17.11860889320115,-3.1605564931844086,3.1605564931844086,2,Dairy,Beginner,0,0,2,0,21.70556023474811,207 meals,15 staff,30.01539298422112,57.91232598730026
2025-02-25,35.65635444264802,34.76585867585176,0.8904957667962634,0.8904957667962634,2,Dairy,Intermediate,1,0,2,0,34.46607500899152,495 meals,16 staff,17.509725935983013,33.79129675647097
2025-02-26,17.05415225274028,21.685543163786612,-4.631390911046331,4.631390911046331,2,Vegetables,Beginner,2,0,2,0,9.542581639101506,378 meals,15,30.45542839330158,65.89124999631171
2025-02-27,22.838898570659392,23.920298942887054,-1.0814003722276624,1.0814003722276624,2,Rice,Expert,3,0,2,0,37.240468419539376,266 meals,19 staff,,66.10958091798287
2025-02-28,28.114738958630884,27.835510320702568,0.2792286379283162,0.2792286379283162,2,Meat,Beginner,4,0,2,1,15.128299265694295,467 meals,15 staff,28.547862597777456,33.87004552119371
2025-03-01,23.587371538644906,25.222427070813378,-1.6350555321684723,1.6350555321684723,2,Rice,Intermediate,5,1,3,1,14.957159508583748,428 meals,13,26.315631096819928,88.35134973801972
2025-03-02,23.36513132570633,22.534762732003724,0.8303685937026053,0.8303685937026053,2,Bakery,Expert,6,1,3,1,28.615238608154428,276 meals,16 staff,33.58289434423375,62.64179791767454
2025-03-03,18.41465183600873,16.730430080811015,1.684221755197715,1.684221755197715,2,Vegetables,Beginner,0,0,3,0,7.804721829879586,278 meals,10 staff,22.74645035950628,63.587743330785855
2025-03-04,13.530298520074048,12.686004350675331,0.8442941693987169,0.8442941693987169,2,Vegetables,Beginner,1,0,3,0,6.051909067386743,207 meals,17 staff,16.32330377668881,61.20692487014367
2025-03-05,13.53982910336471,18.689190017950892,-5.1493609145861825,5.1493609145861825,2,Dairy,Beginner,2,0,3,0,15.44114661173797,271 meals,5 staff,15.38310971102506,66.6439067786772
2025-03-06,15.694357171526754,16.637754486350932,-0.9433973148241783,0.9433973148241783,2,Dairy,Beginner,3,0,3,0,26.52270202939291,150 meals,5 staff,31.53717121945506,45.857985166425294
2025-03-07,32.26372355521898,31.868325785605663,0.39539776961331796,0.39539776961331796,2,Bakery,Beginner,4,0,3,0,41.30465544900909,388 meals,10 staff,25.494712753228644,47.23448087849045
2025-03-08,32.46443176105021,32.837521227309814,-0.37308946625960715,0.37308946625960715,2,Vegetables,Expert,5,1,3,0,38.857407052292274,439 meals,8,30.504881036698983,60.68034538776797
2025-03-09,20.57529055762082,18.810332596935076,1.764957960685745,1.764957960685745,2,Meat,Expert,6,1,3,1,24.61785839683902,245 meals,8 staff,19.688512000230293,78.40115128581478
2025-03-10,16.526897651558734,16.19736264162712,0.32953500993161455,0.32953500993161455,2,Rice,Intermediate,0,0,3,0,6.482079747739711,275,19 staff,21.901674910264678,32.991874589650735
2025-03-11,21.000407104962807,21.652868727333654,-0.652461622370847,0.652461622370847,2,Vegetables,Intermediate,1,0,3,1,26.410109385172365,267 meals,15 staff,,66.20425273321476
2025-03-12,16.794732165063586,19.487774765313098,-2.6930426002495125,2.6930426002495125,2,Meat,Intermediate,2,0,3,0,33.191823997011824,197 meals,19 staff,34.22984649148224,78.40668855037885
2025-03-13,17.390111533400006,17.908103417947824,-0.5179918845478184,0.5179918845478184,2,Meat,Expert,3,0,3,0,18.56658130100135,238 meals,10 staff,28.357358134016263,39.41503632223363
2025-03-14,27.733552422403093,23.418429510324135,4.315122912078959,4.315122912078959,2,Rice,Beginner,4,0,3,0,9.442532131266187,386,19 staff,60.0,30.901352518833978
2025-03-15,24.71589435142084,24.675671703271632,0.040222648149207174,0.040222648149207174,2,Meat,Intermediate,5,1,3,0,16.142718128226377,421 meals,18 staff,20.30992814858145,48.76279770848748
2025-03-16,30.800982748141788,26.562832801350396,4.238149946791392,4.238149946791392,2,Bakery,Beginner,6,1,3,0,35.86355457871256,338 meals,16 staff,27.229272224513217,65.28862240377589
2025-03-17,22.881497049102805,23.024327560379135,-0.14283051127632973,0.14283051127632973,2,Meat,Expert,0,0,3,1,19.049753291333133,341 meals,15 staff,28.569999365852755,38.29699040428486
2025-03-18,19.741590962219444,22.04682026498525,-2.305229302765806,2.305229302765806,2,Bakery,Expert,1,0,3,0,37.479259627428405,218 meals,11 staff,21.35099400515177,55.56734225834913
2025-03-19,25.79446732703157,26.383712807082386,-0.5892454800508169,0.5892454800508169,2,Meat,Expert,2,0,3,0,17.780858072299033,427,13,31.9621847003126,63.13928984245668
2025-03-20,28.312049339841515,28.71731011531673,-0.40526077547521666,0.40526077547521666,2,Dairy,Intermediate,3,0,3,0,11.542201536552724,498 meals,14 staff,33.943229258004955,65.93298568543904
2025-03-21,28.495814713000016,26.51510772390098,1.980706989099037,1.980706989099037,2,Meat,Expert,4,0,3,0,22.43393438054433,396 meals,9 staff,32.69710235392009,46.46470326002251
2025-03-22,25.31743049392765,17.547838592103783,7.7695919018238655,7.7695919018238655,2,Bakery,Intermediate,5,1,3,0,23.09098049156556,225 meals,13 staff,29.78133951878745,54.00177815917748
2025-03-23,17.007292440634863,15.65888519965431,1.3484072409805528,1.3484072409805528,2,Meat,Expert,6,1,3,0,5.644328741973479,303 meals,8 staff,20.54929359449908,76.70035374405353
2025-03-24,13.861963178601243,17.058879282581564,-3.196916103980321,3.196916103980321,2,Meat,Expert,0,0,3,1,9.681802908253044,293,17,20.632320842112637,86.47288164724114
2025-03-25,10.505380021439258,14.983987284540243,-4.478607263100985,4.478607263100985,2,Meat,Beginner,1,0,3,0,12.397040750912698,235 meals,14 staff,34.26720640892076,81.71281986709543
2025-03-26,18.2976941005593,19.23778219700413,-0.9400880964448284,0.9400880964448284,2,Bakery,Beginner,2,0,3,0,9.543492695146996,334 meals,6 staff,15.20568991871384,63.85701010400592
2025-03-27,23.914049205106508,26.894393819297008,-2.9803446141905,2.9803446141905,2,Meat,Expert,3,0,3,0,18.661043016854556,434 meals,7 staff,29.32099946484289,54.6175681766368
2025-03-28,33.199193160022006,31.054446915257294,2.144746244764711,2.144746244764711,2,Rice,Expert,4,0,3,0,43.58491422468072,369,17 staff,29.124923251105244,49.97739686228509
2025-03-29,20.20643763044418,17.865942342452954,2.340495287991228,2.340495287991228,2,Rice,Beginner,5,1,3,1,25.36890153308312,218 meals,15 staff,27.453790818995948,37.49739396504109
2025-03-30,18.3927459895247,18.29074847301043,0.1019975165142668,0.1019975165142668,2,Bakery,Beginner,6,1,3,0,30.10224095482586,196 meals,5,34.80217692173731,36.393074832966775
2025-03-31,19.89879705597515,18.08442590199747,1.8143711539776817,1.8143711539776817,2,Dairy,Expert,0,0,3,1,19.25545914092113,243 meals,18 staff,21.237588715274505,71.30145749481946
2025-04-01,24.92613118302536,24.956453209361275,-0.03032202633591652,0.03032202633591652,2,Rice,Beginner,1,0,4,0,17.939510465725842,387 meals,18 staff,21.799437275864964,45.58766497026962
2025-04-02,25.03048264908517,20.102341589767036,4.928141059318133,4.928141059318133,2,Vegetables,Beginner,2,0,4,0,5.925870876600334,353 meals,10 staff,16.57878805893111,45.279701185946806
2025-04-03,27.732378707177368,26.04121880894148,1.6911598982358882,1.6911598982358882,2,Rice,Expert,3,0,4,1,25.01334622704089,367 meals,17 staff,,89.89170326866714
2025-04-04,34.4901593094648,32.31080067146425,2.1793586380005507,2.1793586380005507,2,Vegetables,Expert,4,0,4,0,24.34436027006665,490 meals,10,20.220970524696963,41.27555747242772
2025-04-05,8.449586481712762,13.072162780678104,-4.622576298965342,4.622576298965342,2,Bakery,Expert,5,1,4,0,11.31322904724492,188 meals,5 staff,21.86773404355289,38.88358556932978
2025-04-06,19.60818166079273,23.26463119471075,-3.6564495339180176,3.6564495339180176,2,Dairy,Beginner,6,1,4,0,35.57296000826815,249 meals,15 staff,31.691435805112555,35.92111366559524
2025-04-07,30.748607242045452,29.375442641045566,1.3731646009998855,1.3731646009998855,2,Vegetables,Beginner,0,0,4,0,24.70697321244012,438 meals,17 staff,33.70969027054991,64.78832071000777
2025-04-08,21.07025711731989,25.693062545946614,-4.622805428626723,4.622805428626723,2,Vegetables,Intermediate,1,0,4,0,18.55975880646293,403 meals,7 staff,18.71466144010371,67.67182956012608
2025-04-09,19.939479379649818,22.18910302432575,-2.249623644675932,2.249623644675932,2,Rice,Expert,2,0,4,0,10.87635636091708,371 meals,9 staff,22.45017863106932,51.91367557541292
2025-04-10,20.26416776291731,17.404532362161806,2.8596354007555043,2.8596354007555043,2,Vegetables,Intermediate,3,0,4,0,27.086433078840496,172 meals,7 staff,33.572611242307886,62.12480013068807
2025-04-11,28.546236913949333,30.179005641628752,-1.6327687276794194,1.6327687276794194,2,Bakery,Beginner,4,0,4,0,35.112681043552385,399,14,,77.30397185669474
2025-04-12,9.204794113358329,12.348719499013274,-3.1439253856549456,3.1439253856549456,2,Bakery,Beginner,5,1,4,1,16.279974107398868,159,7 staff,16.84721056222757,79.0862500993049
2025-04-13,25.878162152838115,22.751085777694314,3.127076375143801,3.127076375143801,2,Bakery,Intermediate,6,1,4,0,13.751774063068902,395 meals,18 staff,18.255819784124583,87.4747245429389
2025-04-14,37.68381630689746,30.87440930272487,6.809407004172591,6.809407004172591,2,Rice,Expert,0,0,4,0,25.87739856258308,474 meals,14 staff,26.904256682537493,79.45607915537246
2025-04-15,13.388184159532589,16.28048509576964,-2.892300936237053,2.892300936237053,2,Dairy,Intermediate,1,0,4,0,11.213732100400676,249 meals,7 staff,18.00944542011995,63.8904862030456
2025-04-16,35.12143803355993,30.532660957895583,4.58877707566435,4.58877707566435,2,Rice,Expert,2,0,4,0,31.6645354637714,439 meals,9 staff,-10.0,40.77941795021076
2025-04-17,22.414598635637148,25.56091845777921,-3.146319822142061,3.146319822142061,2,Bakery,Expert,3,0,4,0,29.213745117769214,329 meals,17,23.93429054517041,35.98581346217054
2025-04-18,20.807581251776107,21.752824627703557,-0.9452433759274506,0.9452433759274506,2,Rice,Expert,4,0,4,0,8.483281983657145,372 meals,9 staff,25.03035920700333,33.27071339465155
2025-04-19,21.68084573347305,20.917531053390356,0.7633146800826935,0.7633146800826935,2,Bakery,Beginner,5,1,4,0,6.460815175254955,399 meals,8 staff,19.93317231610813,69.99154990712302
2025-04-20,21.39751861081712,22.13982675254238,-0.7423081417252604,0.7423081417252604,2,Meat,Beginner,6,1,4,0,29.8115461035434,296,5 staff,24.41920504869467,78.45217532387959
2025-04-21,19.907711222509302,16.863273022724265,3.044438199785038,3.044438199785038,2,Meat,Beginner,0,0,4,0,16.77175095954963,245 meals,9 staff,,60.52103704104474
2025-04-22,18.218186306508468,23.42262866132188,-5.204442354813413,5.204442354813413,2,Vegetables,Expert,1,0,4,0,8.457830126935942,406 meals,14 staff,30.023542739080856,33.2828504900184
2025-04-23,34.89828728995508,34.07552426315566,0.8227630267994215,0.8227630267994215,2,Dairy,Beginner,2,0,4,0,35.37714819825946,474 meals,9 staff,30.07736165419826,62.12823447548029
2025-04-24,16.141021770790513,12.608074540409628,3.532947230380884,3.532947230380884,2,Meat,Expert,3,0,4,0,17.561760120705763,153 meals,8,26.557822253881767,86.14495569147303
2025-04-25,17.641685003391295,15.687482826937304,1.9542021764539914,1.9542021764539914,2,Bakery,Expert,4,0,4,0,23.383981985528944,165,10 staff,33.08719549987714,65.85679145594763
2025-04-26,27.265400311802207,24.455120185731307,2.8102801260709,2.8102801260709,2,Rice,Intermediate,5,1,4,0,14.472517098150773,429 meals,14 staff,31.348156946122188,78.5656493077689
2025-04-27,38.03370311989959,32.59781519178297,5.435887928116621,5.435887928116621,2,Rice,Intermediate,6,1,4,1,30.092683134318584,485 meals,8 staff,60.0,78.00915890350504
2025-04-28,24.259008883010257,25.151254776276954,-0.892245893266697,0.892245893266697,2,Vegetables,Expert,0,0,4,0,17.059536614174377,396 meals,18 staff,60.0,85.92774598683917
2025-04-29,28.892073088881368,32.10089640000209,-3.2088233111207245,3.2088233111207245,2,Rice,Expert,1,0,4,0,43.72083844910514,407 meals,11 staff,15.137559244392984,76.2137259389924
2025-04-30,25.790991240118743,24.167096158249674,1.623895081869069,1.623895081869069,2,Meat,Intermediate,2,0,4,0,33.11790194467626,309 meals,11 staff,19.248945543909457,74.86203084078537
2025-05-01,27.213380384817523,28.45129616819397,-1.2379157833764474,1.2379157833764474,2,Rice,Beginner,3,0,5,1,10.46889105493863,489 meals,6 staff,28.27047187826905,44.04615989823844
2025-05-02,15.202876362962016,22.317000926681985,-7.114124563719969,7.114124563719969,2,Meat,Beginner,4,0,5,1,21.66779358693867,301 meals,7 staff,23.223949777650915,33.595509319264885
2025-05-03,19.099749415233383,21.657047304569957,-2.5572978893365743,2.5572978893365743,2,Meat,Intermediate,5,1,5,0,20.416843989195144,327 meals,5 staff,23.04812518598624,61.05596790322846
2025-05-04,19.753087219693736,23.81773490201865,-4.064647682324914,4.064647682324914,2,Dairy,Beginner,6,1,5,0,26.369884428815325,312 meals,12 staff,32.69173776459228,37.46605247680531
2025-05-05,18.25956931721249,20.6962621722767,-2.4366928550642086,2.4366928550642086,2,Vegetables,Beginner,0,0,5,0,38.67722697917013,182 meals,13 staff,32.91125696263677,87.73175257667947
2025-05-06,23.847541389899945,25.388751099523652,-1.5412097096237076,1.5412097096237076,2,Bakery,Beginner,1,0,5,0,28.33688060732007,328 meals,8 staff,33.18350528107172,47.39548575798172
2025-05-07,13.800058247586817,14.803809243898352,-1.0037509963115347,1.0037509963115347,2,Meat,Expert,2,0,5,0,7.462267103999971,250 meals,10 staff,21.277561530300545,81.17665220305759
2025-05-08,27.87857417582409,30.60656258361109,-2.7279884077869987,2.7279884077869987,2,Vegetables,Expert,3,0,5,0,31.2166278721142,417 meals,13 staff,28.821116254785235,53.25747751214756
2025-05-09,21.43736795164929,25.65434710068709,-4.216979149037801,4.216979149037801,2,Bakery,Beginner,4,0,5,0,5.330611917834336,472 meals,10 staff,20.432663625487397,49.39165499144265
2025-05-10,22.691880652761945,20.322901057015912,2.3689795957460333,2.3689795957460333,2,Rice,Expert,5,1,5,0,36.19841842161572,214,18 staff,18.812196661489,86.10951434259727
2025-05-11,25.699348452602948,24.744957117743052,0.9543913348598956,0.9543913348598956,2,Vegetables,Expert,6,1,5,0,31.66544289644968,317 meals,16 staff,18.692649146947385,51.79935432517344
2025-05-12,29.59544239620216,29.11244985888146,0.4829925373206976,0.4829925373206976,2,Vegetables,Intermediate,0,0,5,0,17.35142633410344,479 meals,16 staff,21.84215241727188,53.41727451978819
2025-05-13,19.94633531307688,15.734179327111681,4.2121559859651985,4.2121559859651985,2,Vegetables,Expert,1,0,5,1,16.69767218358063,192 meals,16 staff,23.599152395596438,36.36550677677455
2025-05-14,21.217898119175025,20.768843202273132,0.44905491690189336,0.44905491690189336,2,Rice,Expert,2,0,5,0,36.93091986185223,193 meals,13,31.61898342110137,70.22679991695055
2025-05-15,31.500066986253948,32.06693050910811,-0.5668635228541632,0.5668635228541632,2,Rice,Beginner,3,0,5,0,36.33346767698482,434 meals,19 staff,17.39782186945424,47.33036486865081
2025-05-16,13.460210275257603,14.534133589974962,-1.0739233147173586,1.0739233147173586,2,Vegetables,Expert,4,0,5,0,19.0920941750704,161 meals,8,29.69851694789789,65.13625007037044
2025-05-17,17.58383040049612,16.49813341751419,1.0856969829819292,1.0856969829819292,3,Dairy,Beginner,5,1,5,0,16.957909123191214,244 meals,12 staff,25.629098283786107,65.48110224319257
2025-05-18,32.615277511227575,28.804514044178802,3.8107634670487727,3.8107634670487727,3,Meat,Beginner,6,1,5,0,27.3929915553116,451 meals,13 staff,20.75890685351985,73.15198173574602
2025-05-19,21.56622663928181,21.324737123999384,0.24148951528242435,0.24148951528242435,3,Rice,Beginner,0,0,5,0,5.334626399365767,402 meals,8 staff,24.85639169065649,74.71448917034647
2025-05-20,16.21324175429115,21.739932604224315,-5.526690849933164,5.526690849933164,3,Dairy,Beginner,1,0,5,0,8.30668151946169,391 meals,9 staff,20.99884139554045,60.86714606409237
2025-05-21,10.903790712037162,12.471398309601117,-1.5676075975639545,1.5676075975639545,3,Rice,Expert,2,0,5,0,10.04678360594947,184 meals,18 staff,,49.85951685620418
2025-05-22,21.92942134001645,22.167433983337386,-0.23801264332093552,0.23801264332093552,3,Vegetables,Intermediate,3,0,5,0,12.416472713086968,364 meals,12 staff,23.676878457104884,80.24705369008403
2025-05-23,35.856822217060575,32.00301432006391,3.8538078969966634,3.8538078969966634,3,Dairy,Expert,4,0,5,1,25.480725067018763,486 meals,16 staff,18.288110581577573,48.59193896450908
2025-05-24,22.999216040494307,23.888098072920208,-0.8888820324259008,0.8888820324259008,3,Bakery,Beginner,5,1,5,0,44.68967659444488,239 meals,14 staff,17.331661491113934,60.45054566815989
2025-05-25,25.07557823910636,28.491611942197785,-3.4160337030914256,3.4160337030914256,3,Meat,Beginner,6,1,5,1,31.104536069894134,413 meals,18,25.9339136414426,54.07515499222368
2025-05-26,14.52871715307286,13.947111554833118,0.5816055982397419,0.5816055982397419,3,Meat,Expert,0,0,5,0,7.451951777968944,242 meals,10 staff,33.04826066572207,81.30470315818128
2025-05-27,22.35566325327304,19.82353560465621,2.5321276486168287,2.5321276486168287,3,Rice,Intermediate,1,0,5,0,26.02317496248967,239 meals,16 staff,21.87915373115371,55.915111868749726
2025-05-28,19.479473724466867,19.890755651030457,-0.4112819265635892,0.4112819265635892,3,Meat,Beginner,2,0,5,0,24.865808495580172,264 meals,11 staff,29.660002144452463,53.16595133024906
2025-05-29,23.07916225092893,16.385927217680813,6.6932350332481185,6.6932350332481185,3,Bakery,Intermediate,3,0,5,0,10.76671263272198,254,7 staff,28.173227098795337,71.38942157385824
2025-05-30,36.235762623597815,29.93526334818708,6.300499275410736,6.300499275410736,3,Dairy,Expert,4,0,5,0,41.81089475209631,345 meals,11 staff,33.63109828618962,66.14646659168656
2025-05-31,29.72176482845768,29.684019882844247,0.03774494561343289,0.03774494561343289,3,Dairy,Intermediate,5,1,5,0,22.63060990701476,463 meals,16,,36.43481000975076
2025-06-01,27.144849157816537,25.72598912433824,1.4188600334782961,1.4188600334782961,3,Vegetables,Beginner,6,1,6,0,44.78236562438959,263 meals,18 staff,26.33210517810926,60.49012838063779
2025-06-02,21.8470619656519,17.87749621738533,3.9695657482665716,3.9695657482665716,3,Dairy,Expert,0,0,6,0,21.80289181008657,224,12 staff,,74.12870329999487
2025-06-03,26.825988250812923,26.76288519986444,0.06310305094848445,0.06310305094848445,3,Rice,Beginner,1,0,6,0,29.31830810734437,366 meals,14 staff,32.9677293316807,89.52448587548137
2025-06-04,21.64488488565673,24.045642656887253,-2.4007577712305235,2.4007577712305235,3,Bakery,Beginner,2,0,6,1,9.190501458057604,426 meals,10,22.99037569173869,67.74881003821915
2025-06-05,29.51752960438822,26.99968341563792,2.5178461887502976,2.5178461887502976,3,Vegetables,Expert,3,0,6,0,23.16911295227477,398 meals,19 staff,21.535894117155543,52.21758398647907
2025-06-06,21.408429255353568,20.319005389199916,1.089423866153652,1.089423866153652,3,Rice,Intermediate,4,0,6,0,14.550635760158931,313 meals,14 staff,15.216221672703927,43.5690959881271
2025-06-07,26.154743146807384,27.560569954152243,-1.4058268073448588,1.4058268073448588,3,Rice,Beginner,5,1,6,0,38.4225919428494,341 meals,13 staff,31.531021483829285,82.36981404919922
2025-06-08,30.54452752915976,28.694122616878666,1.8504049122810962,1.8504049122810962,3,Rice,Beginner,6,1,6,0,36.3567833947016,376 meals,17 staff,31.019614008067297,78.87391272681016
2025-06-09,27.209978439679467,26.781000804245103,0.4289776354343644,0.4289776354343644,3,Meat,Beginner,0,0,6,0,37.96719998501434,326,10 staff,,44.035369246763096
2025-06-10,21.42802617906832,22.416695934789093,-0.9886697557207746,0.9886697557207746,3,Rice,Beginner,1,0,6,0,33.944377510318056,248 meals,16 staff,26.537147622654004,42.03792540879441
2025-06-11,18.384679798439088,19.98825772613434,-1.6035779276952518,1.6035779276952518,3,Meat,Expert,2,0,6,0,38.30732894480205,185 meals,13 staff,24.279633963337748,72.90820660867054
2025-06-12,16.524154336966696,15.950316513064262,0.5738378239024335,0.5738378239024335,3,Dairy,Beginner,3,0,6,0,13.033150006996834,245 meals,17 staff,17.37418191018223,48.897123715125566
2025-06-13,21.17695321828916,22.227400886003636,-1.0504476677144758,1.0504476677144758,3,Meat,Expert,4,0,6,1,23.081751063192065,301 meals,8 staff,34.61136454121447,48.38392790171747
2025-06-14,25.656282289627804,23.793182119478274,1.8631001701495293,1.8631001701495293,3,Rice,Beginner,5,1,6,0,32.673875197838726,300 meals,12 staff,19.29391774926711,39.13741482405932
2025-06-15,28.558222841416544,24.943430573878707,3.614792267537837,3.614792267537837,3,Bakery,Beginner,6,1,6,0,30.4956999174054,339 meals,15 staff,16.344683601811223,45.83853118258979
2025-06-16,29.44095290278173,28.4250230925603,1.015929810221433,1.015929810221433,3,Bakery,Beginner,0,0,6,0,33.65417931496348,373 meals,8 staff,26.89694759003819,55.650453455558974
2025-06-17,14.23715439594376,14.122437424964803,0.11471697097895728,0.11471697097895728,3,Dairy,Intermediate,1,0,6,0,13.970335326049268,186 meals,6 staff,29.777333542660653,73.97030023634494
2025-06-18,21.907685304037447,23.414021499732474,-1.5063361956950274,1.5063361956950274,3,Rice,Expert,2,0,6,0,8.93738836179959,417 meals,14 staff,15.64886892094374,50.17848566482499
2025-06-19,32.62474698044192,28.545914660551997,4.078832319889923,4.078832319889923,3,Meat,Expert,3,0,6,0,41.672263122991055,332 meals,15 staff,28.174352774540445,49.71626036879056
2025-06-20,13.776474783872,16.84348804411834,-3.067013260246341,3.067013260246341,3,Bakery,Expert,4,0,6,1,27.40687582269434,162 meals,13,25.645837519029087,47.09479515314615
2025-06-21,19.909935088664547,23.745227307302848,-3.835292218638301,3.835292218638301,3,Vegetables,Beginner,5,1,6,0,11.153036980296438,428 meals,9 staff,17.06530017750097,58.69702005066258
2025-06-22,26.10828854083608,28.555994752181775,-2.447706211345693,2.447706211345693,3,Rice,Expert,6,1,6,0,36.73746327549446,366 meals,8 staff,18.45047753892724,40.83820187647892
2025-06-23,37.33195097385001,34.274931141970015,3.057019831879998,3.057019831879998,3,Rice,Intermediate,0,0,6,0,41.597197465171305,435 meals,6 staff,26.35948594632161,59.137844041927536
2025-06-24,26.011455683448133,24.25724511854544,1.7542105649026922,1.7542105649026922,3,Vegetables,Beginner,1,0,6,0,11.782540742844365,422 meals,5 staff,20.92715227026577,72.2505333716814
2025-06-25,25.794777332025497,22.358458493402683,3.436318838622814,3.436318838622814,3,Bakery,Expert,2,0,6,0,37.696498210764425,211 meals,15 staff,33.76631457302632,31.78743024195733
2025-06-26,20.37954616032963,25.11527283136763,-4.735726671037998,4.735726671037998,3,Vegetables,Intermediate,3,0,6,0,42.32900245276513,233 meals,11 staff,31.374804589681016,30.58676281834571
2025-06-27,38.02099386435465,30.874338152923453,7.1466557114311975,7.1466557114311975,3,Dairy,Beginner,4,0,6,0,42.5344640118407,366 meals,10 staff,,34.50737460927056
2025-06-28,36.16882498412095,35.39184963752841,0.7769753465925433,0.7769753465925433,3,Meat,Expert,5,1,6,0,41.56625846614005,491 meals,19 staff,,62.13960370368672
2025-06-29,19.57602174299706,23.65589618321111,-4.0798744402140485,4.0798744402140485,3,Meat,Expert,6,1,6,0,26.85684049440411,336 meals,19 staff,34.39447265595954,81.2673049911242
2025-06-30,20.761885307973387,14.526680276820125,6.235205031153262,6.235205031153262,3,Bakery,Expert,0,0,6,0,19.24845269015477,168 meals,6 staff,23.62467739583116,30.293067961215115
2025-07-01,13.9569669077101,18.26570624561464,-4.308739337904541,4.308739337904541,3,Vegetables,Intermediate,1,0,7,0,5.290912307760372,326 meals,12 staff,21.95037590627509,86.19967827508086
2025-07-02,13.487259581906686,14.594177377333114,-1.106917795426428,1.106917795426428,3,Rice,Beginner,2,0,7,0,7.4364890748610835,249 meals,15 staff,16.006990539387065,36.37671069423215
2025-07-03,25.12881146224969,25.67312543785998,-0.5443139756102902,0.5443139756102902,3,Rice,Expert,3,0,7,1,22.153560611895628,382 meals,8 staff,16.055305157192052,80.51901168349357
2025-07-04,18.87416318419911,17.65153143614244,1.222631748056667,1.222631748056667,3,Rice,Beginner,4,0,7,0,20.973045855660413,225 meals,12 staff,28.84022511893309,58.9712858989768
2025-07-05,22.042656487038503,23.94069946732755,-1.8980429802890484,1.8980429802890484,3,Dairy,Expert,5,1,7,0,12.38855638279533,414 meals,19 staff,24.15857988868056,69.56144323673064
2025-07-06,31.01370002270721,26.967689623415342,4.046010399291866,4.046010399291866,3,Dairy,Beginner,6,1,7,0,20.819201121266275,433,11 staff,19.530432520722115,60.640979066830944
2025-07-07,23.606709293996644,21.31253411975056,2.294175174246085,2.294175174246085,3,Rice,Beginner,0,0,7,0,11.986002618214725,355 meals,9 staff,27.279406126504654,58.62289351076128
2025-07-08,30.342695492651487,29.85702708372055,0.48566840893093755,0.48566840893093755,3,Bakery,Expert,1,0,7,0,38.95165011103362,372 meals,14 staff,20.057162365002224,80.09396570186348
2025-07-09,19.10132683789168,13.71086171419047,5.39046512370121,5.39046512370121,3,Dairy,Beginner,2,0,7,0,16.927795115023955,201 meals,14 staff,-10.0,75.35318277406898
2025-07-10,32.879202039385504,32.705174048505555,0.17402799087994936,0.17402799087994936,3,Dairy,Beginner,3,0,7,0,28.9425740063324,488 meals,16 staff,22.184174939653808,59.00413419138025
2025-07-11,21.35717918346292,22.66633188890225,-1.3091527054393275,1.3091527054393275,3,Meat,Intermediate,4,0,7,1,25.11372247996347,293 meals,12,31.47104453223638,36.698155763763694
2025-07-12,19.016893231104405,12.393278406360311,6.623614824744093,6.623614824744093,3,Meat,Beginner,5,1,7,1,7.075283103759689,218,18,31.413923215335583,36.924177558864486
2025-07-13,26.094012760763658,24.398158560580903,1.6958542001827546,1.6958542001827546,3,Bakery,Expert,6,1,7,0,42.68934877964665,248 meals,13 staff,24.547007962448028,78.09236764314453
2025-07-14,13.569757590627797,16.273898226545366,-2.70414063591757,2.70414063591757,3,Dairy,Beginner,0,0,7,0,26.089039130019334,174 meals,9 staff,22.016382186700312,61.763437280852
2025-07-15,12.949883880111363,15.331539411328828,-2.381655531217465,2.381655531217465,3,Dairy,Beginner,1,0,7,0,18.002305735672614,202,14 staff,22.25119593118189,58.89534841316176
2025-07-16,18.45439325755508,19.159953665157815,-0.7055604076027358,0.7055604076027358,3,Vegetables,Intermediate,2,0,7,0,11.32506278532273,300 meals,9 staff,31.11429051336436,70.8340104816429
2025-07-17,13.018324789134931,19.92303683796854,-6.904712048833607,6.904712048833607,3,Bakery,Beginner,3,0,7,0,18.54106538907343,293 meals,6 staff,,81.53049500485562
2025-07-18,10.147170840635413,11.852843394581232,-1.7056725539458188,1.7056725539458188,3,Bakery,Beginner,4,0,7,0,5.82046412093558,206 meals,9 staff,19.18118747413692,67.73238866479832
2025-07-19,14.961515898778927,14.204052610645803,0.757463288133124,0.757463288133124,3,Vegetables,Beginner,5,1,7,0,19.542326213931908,188 meals,7 staff,16.693766837506136,75.77087414078875
2025-07-20,20.276238566700908,20.232472002965633,0.0437665637352751,0.0437665637352751,3,Vegetables,Expert,6,1,7,0,26.259437092180196,258 meals,11 staff,24.333862417688167,75.91623144701742
2025-07-21,24.690065206981405,27.743069352243186,-3.053004145261781,3.053004145261781,3,Meat,Expert,0,0,7,0,39.87464983403779,330 meals,14,,51.37568692757755
2025-07-22,17.952945638053976,19.130709799598833,-1.1777641615448573,1.1777641615448573,3,Bakery,Beginner,1,0,7,0,32.4949767079119,191 meals,9 staff,,46.44499173845974
2025-07-23,23.128399449095053,18.00413641402473,5.124263035070321,5.124263035070321,3,Bakery,Beginner,2,0,7,0,9.463292525329656,335,12,-10.0,78.06984403050953
2025-07-24,24.7924023842842,23.237220906812137,1.5551814774720611,1.5551814774720611,3,Vegetables,Beginner,3,0,7,0,10.909852977518444,372 meals,5 staff,60.0,52.630727507054615
2025-07-25,20.474329598007568,19.7865895770392,0.6877400209683664,0.6877400209683664,3,Rice,Beginner,4,0,7,0,22.124934712734987,271 meals,7 staff,,84.20016039136232
2025-07-26,17.741763090492483,17.651629632405466,0.090133458087017,0.090133458087017,3,Rice,Beginner,5,1,7,0,12.828310065551513,282 meals,7 staff,31.47247221497947,34.181441803807175
2025-07-27,16.949317085607387,16.594249064303366,0.35506802130402093,0.35506802130402093,3,Meat,Expert,6,1,7,0,6.11399110331023,312 meals,13 staff,22.69222151957536,33.49305072452038
2025-07-28,30.06910874920161,29.14154536171685,0.92756338748476,0.92756338748476,3,Rice,Intermediate,0,0,7,0,37.20059520472281,364 meals,9 staff,24.18248046573362,85.6202496060845
2025-07-29,20.54197738239946,20.114661434990374,0.42731594740908463,0.42731594740908463,3,Rice,Expert,1,0,7,0,5.780902827919765,370 meals,16 staff,21.06571781698566,68.90729485088609
2025-07-30,31.64069817498925,30.494962111610356,1.1457360633788944,1.1457360633788944,3,Rice,Beginner,2,0,7,0,38.227584207920565,384 meals,13 staff,33.65109756838624,52.77596138689994
2025-07-31,28.73463008121216,26.570223755049415,2.1644063261627444,2.1644063261627444,3,Dairy,Beginner,3,0,7,0,10.764158521318642,480 meals,17,17.372875314831607,75.30362488897097
2025-08-01,24.31281846212379,27.27537709348885,-2.9625586313650594,2.9625586313650594,3,Meat,Beginner,4,0,8,0,43.98713643228464,295 meals,13 staff,33.6749884600294,70.33960859961847
2025-08-02,27.21568086707018,27.608547982253885,-0.3928671151837051,0.3928671151837051,3,Vegetables,Beginner,5,1,8,0,29.154956473047605,388 meals,5 staff,28.677329036706865,61.87206280917577
2025-08-03,22.163532889247332,21.077346523415844,1.0861863658314874,1.0861863658314874,3,Rice,Beginner,6,1,8,0,34.399318865195816,225 meals,6 staff,25.631443053734625,35.93240055975908
2025-08-04,7.82829830544615,10.372251040687331,-2.543952735241181,2.543952735241181,3,Dairy,Beginner,0,0,8,0,9.419345118722596,158 meals,9 staff,15.653181215689916,78.7307752375651
2025-08-05,20.973784818339617,22.894404023718202,-1.9206192053785855,1.9206192053785855,3,Rice,Expert,1,0,8,0,39.48416293805921,223 meals,8 staff,,81.96139144083747
2025-08-06,31.016617991602757,32.03432610464867,-1.017708113045913,1.017708113045913,3,Dairy,Expert,2,0,8,1,38.567693714861534,402 meals,19 staff,23.154962100054647,40.33012131315895
2025-08-07,27.779408803790965,28.483875741887594,-0.7044669380966297,0.7044669380966297,3,Meat,Beginner,3,0,8,0,31.119709261668707,379 meals,14 staff,60.0,81.030699118624
2025-08-08,15.977106735818593,15.18495860098399,0.7921481348346031,0.7921481348346031,3,Rice,Beginner,4,0,8,0,25.09099458381549,156 meals,13 staff,28.12819207001314,82.67083866099385
2025-08-09,23.763777788706207,25.812572844854092,-2.0487950561478847,2.0487950561478847,3,Dairy,Beginner,5,1,8,0,33.859566925266904,323 meals,11 staff,34.42301814736572,62.96571673731096
2025-08-10,18.97519994872674,15.50374649748405,3.47145345124269,3.47145345124269,3,Bakery,Beginner,6,1,8,0,5.237128613475126,290 meals,10 staff,26.243776221290503,69.37074217336122
2025-08-11,23.928061393255035,24.859296945699057,-0.9312355524440221,0.9312355524440221,3,Bakery,Intermediate,0,0,8,0,28.69763021593837,317 meals,11 staff,,52.93423920086949
2025-08-12,28.05446672396704,27.196737620762548,0.8577291032044911,0.8577291032044911,3,Dairy,Beginner,1,0,8,0,38.896245397169466,319,5 staff,16.369009051320337,46.90749885055596
2025-08-13,26.273301321053392,27.037500943301293,-0.7641996222479008,0.7641996222479008,3,Rice,Beginner,2,0,8,0,19.275995486990197,432 meals,5 staff,23.35333991633989,73.31898881709868
2025-08-14,17.056424528372542,15.863586133657904,1.192838394714638,1.192838394714638,3,Rice,Beginner,3,0,8,0,9.331574259316673,271 meals,12 staff,17.32716970328992,81.71250894094848
2025-08-15,28.71419047524037,23.480361959207432,5.233828516032936,5.233828516032936,3,Meat,Intermediate,4,0,8,0,21.83508998972825,343 meals,17 staff,27.255916710730208,69.24465317734484
2025-08-16,16.787896860863302,17.072614077115432,-0.28471721625212965,0.28471721625212965,3,Meat,Expert,5,1,8,0,34.08417796234028,154 meals,17 staff,33.769643164283096,60.69543663879296
2025-08-17,10.05412546118901,12.404717660671855,-2.350592199482845,2.350592199482845,3,Vegetables,Intermediate,6,1,8,1,9.2920484148269,178 meals,6 staff,28.23555464943277,39.535486010650295
2025-08-18,17.182116057621634,19.145071407766743,-1.9629553501451085,1.9629553501451085,3,Meat,Expert,0,0,8,0,13.241942408515598,314 meals,16 staff,16.53606096628843,33.20752275628909
2025-08-19,27.491756612895013,27.34303538151187,0.14872123138314208,0.14872123138314208,3,Rice,Beginner,1,0,8,0,10.902073873147998,488 meals,14 staff,22.093324099701658,56.74150741480479
2025-08-20,25.099762026093558,25.940701330548222,-0.8409393044546647,0.8409393044546647,3,Vegetables,Intermediate,2,0,8,0,36.877910223009,285 meals,15,26.01326758881703,32.96097382184528
2025-08-21,25.909040513224387,25.239571347035287,0.6694691661890992,0.6694691661890992,3,Meat,Expert,3,0,8,0,7.515704898099473,470 meals,13,23.06415512266504,64.16007791443351
2025-08-22,35.69380566458214,34.51954658479327,1.1742590797888752,1.1742590797888752,3,Dairy,Beginner,4,0,8,1,32.46346008457732,491 meals,11 staff,31.672880209503447,52.96375147906628
2025-08-23,21.623987370180515,20.099467412291954,1.524519957888561,1.524519957888561,3,Bakery,Beginner,5,1,8,1,19.65827683012765,294 meals,10 staff,31.293420094199785,75.43134718091817
2025-08-24,34.30193047002551,33.51635563840221,0.7855748316233004,0.7855748316233004,3,Meat,Intermediate,6,1,8,0,35.23164971541209,476 meals,5 staff,27.23662040206443,48.338909810171
2025-08-25,37.23400572952519,30.454990960028596,6.779014769496591,6.779014769496591,3,Meat,Expert,0,0,8,0,43.57533675136151,366,5 staff,22.469158902654105,65.57896205804593
2025-08-26,27.446584447314,25.673535474806187,1.7730489725078122,1.7730489725078122,3,Dairy,Intermediate,1,0,8,0,9.581811983459293,450 meals,6 staff,20.106727475264883,62.26101130530603
2025-08-27,16.054840664287518,19.481334401432367,-3.426493737144849,3.426493737144849,3,Rice,Expert,2,0,8,0,17.57540164269834,281,10 staff,17.117486364262586,30.28274553133447
2025-08-28,28.635899175339507,32.95805179909901,-4.322152623759504,4.322152623759504,3,Dairy,Beginner,3,0,8,0,37.40501710875428,441 meals,18 staff,22.09795366973108,34.34336389585862
2025-08-29,13.55695325601087,15.206554544465098,-1.6496012884542282,1.6496012884542282,3,Meat,Beginner,4,0,8,1,15.64633544204706,219 meals,10 staff,23.263450344154396,47.42209274916123
2025-08-30,24.589422304702875,23.78624100629069,0.8031812984121842,0.8031812984121842,3,Rice,Expert,5,1,8,1,13.604823881841636,401 meals,6 staff,28.51645850208147,82.93410486124591
2025-08-31,30.266036766524312,32.79478203651409,-2.5287452699897806,2.5287452699897806,3,Vegetables,Intermediate,6,1,8,1,38.01511911475887,424 meals,5 staff,28.16319648595147,38.82089729398672
2025-09-01,28.012106633651985,28.45874139765518,-0.44663476400319624,0.44663476400319624,3,Meat,Beginner,0,0,9,0,44.48329456023881,331,14 staff,16.402162792825138,72.6536598276325
2025-09-02,24.06076819750504,24.277251648446423,-0.21648345094138222,0.21648345094138222,3,Dairy,Intermediate,1,0,9,0,27.27522360591863,316 meals,9 staff,,88.40199396913724
2025-09-03,15.81066700334124,16.631551781921566,-0.820884778580325,0.820884778580325,3,Vegetables,Beginner,2,0,9,0,16.12194993333357,240 meals,9 staff,18.63557734434724,77.43405316146931
2025-09-04,17.689689311795277,24.102689879671587,-6.41300056787631,6.41300056787631,3,Bakery,Expert,3,0,9,0,20.94263846400216,351 meals,6 staff,18.136254106336114,44.57672170122264
2025-09-05,31.523093514080472,29.022894603205522,2.50019891087495,2.50019891087495,3,Vegetables,Intermediate,4,0,9,0,11.80521309534436,495 meals,10 staff,31.54604299474492,84.5019156247849
2025-09-06,21.577518019409524,18.599482735711764,2.9780352836977606,2.9780352836977606,3,Dairy,Expert,5,1,9,0,35.475491155630095,168 meals,13 staff,15.838304334325152,35.586429390503405
2025-09-07,16.32632563893412,19.913014600008644,-3.5866889610745254,3.5866889610745254,3,Vegetables,Expert,6,1,9,0,35.93896071291071,188 meals,6 staff,23.383657518042423,58.08851651224415
2025-09-08,25.92212520756355,26.90596908801973,-0.9838438804561811,0.9838438804561811,3,Dairy,Expert,0,0,9,0,40.00483969529978,275 meals,14 staff,60.0,83.25251446358482
2025-09-09,14.5695761722987,17.786138100183592,-3.216561927884893,3.216561927884893,3,Meat,Beginner,1,0,9,1,6.064102543862555,322 meals,6 staff,32.58660431356948,68.47594255541219
2025-09-10,20.917386359951628,23.283065823118825,-2.365679463167197,2.365679463167197,3,Rice,Expert,2,0,9,1,27.479253665055168,290 meals,7 staff,26.140810265500704,54.81867388366193
2025-09-11,25.07952406468427,24.278227794304485,0.8012962703797868,0.8012962703797868,3,Bakery,Intermediate,3,0,9,1,13.570217373727376,391 meals,17 staff,19.62761272753696,47.56877200423013
2025-09-12,26.470737538108445,24.64104381463442,1.8296937234740263,1.8296937234740263,3,Rice,Intermediate,4,0,9,0,18.635320619694284,369 meals,11 staff,25.04854574332753,52.505964319101
2025-09-13,27.029396200876583,23.946520178500425,3.0828760223761584,3.0828760223761584,3,Rice,Beginner,5,1,9,0,36.3982246114603,275 meals,10 staff,29.629727194062315,60.536506860557175
2025-09-14,14.888921440637814,13.963900200489581,0.925021240148233,0.925021240148233,3,Rice,Beginner,6,1,9,0,12.681346094459848,207 meals,16 staff,34.162360178388674,49.142635792368445
2025-09-15,27.83571821627041,23.33778151216358,4.497936704106831,4.497936704106831,3,Dairy,Beginner,0,0,9,0,30.533670023243587,297 meals,12,19.40892008490838,88.13807172493799
2025-09-16,30.82310919639503,33.15576758878856,-2.332658392393526,2.332658392393526,3,Dairy,Intermediate,1,0,9,1,31.182647648943927,466 meals,19,32.723635442586904,85.9846591839687
2025-09-17,19.28323948775971,20.49395056299978,-1.2107110752400665,1.2107110752400665,3,Bakery,Beginner,2,0,9,1,43.16375659609203,150 meals,12 staff,33.686082283349805,82.24028809285925
2025-09-18,27.86804749261122,35.70870445405364,-7.84065696144242,7.84065696144242,3,Dairy,Beginner,3,0,9,0,36.00643714115748,497,10 staff,33.32841089064132,55.30979013135921
2025-09-19,27.81445221234925,28.201374491687375,-0.3869222793381262,0.3869222793381262,3,Dairy,Expert,4,0,9,0,37.145405886147735,339 meals,16 staff,27.708287137238194,71.47810616011373
2025-09-20,26.618289380324427,24.530295830382396,2.0879935499420306,2.0879935499420306,3,Dairy,Intermediate,5,1,9,0,26.26402996071574,340 meals,15 staff,27.59641308869416,84.16975842215788
2025-09-21,27.647148521975154,26.18021848422004,1.466930037755116,1.466930037755116,3,Dairy,Expert,6,1,9,0,12.471232286494828,461 meals,14 staff,23.064212663676457,81.02576926073567
2025-09-22,18.03469932889017,19.546099993878443,-1.5114006649882725,1.5114006649882725,3,Meat,Beginner,0,0,9,1,22.022534628734064,266 meals,7 staff,30.04795764607576,54.85962084121246
2025-09-23,24.77745170108545,22.6397207524666,2.1377309486188487,2.1377309486188487,3,Bakery,Expert,1,0,9,0,26.979582940472817,283 meals,7 staff,25.62588036701864,36.74316295933564
2025-09-24,19.76953876342597,20.12636838325942,-0.35682961983344796,0.35682961983344796,3,Dairy,Beginner,2,0,9,0,32.13677006854849,207 meals,19 staff,28.54876142456589,34.53782183007297
2025-09-25,20.74178947800923,17.00671642335194,3.735073054657292,3.735073054657292,3,Bakery,Beginner,3,0,9,0,29.308364473277088,193 meals,5 staff,-10.0,64.62384271354216
2025-09-26,23.78618300232571,22.757077437521573,1.0291055648041372,1.0291055648041372,3,Vegetables,Expert,4,0,9,0,20.759113156689743,322 meals,11 staff,29.629929280862783,68.5576761126559
2025-09-27,24.40728416065918,19.150388946364927,5.2568952142942535,5.2568952142942535,3,Meat,Intermediate,5,1,9,0,15.612524279833655,309 meals,9 staff,,80.99055627582145
2025-09-28,20.636860206142813,19.08299322083864,1.5538669853041718,1.5538669853041718,3,Dairy,Beginner,6,1,9,1,11.729233728147324,322 meals,8 staff,17.92872513205632,47.55090122046187
2025-09-29,34.95597265407004,33.00758438605723,1.9483882680128062,1.9483882680128062,3,Meat,Intermediate,0,0,9,0,32.753815450890656,466 meals,14 staff,31.65859431148456,40.04822943300255
2025-09-30,31.614632825634512,31.164774177577605,0.4498586480569067,0.4498586480569067,3,Meat,Expert,1,0,9,0,30.8159469724994,452 meals,19 staff,25.805930635806146,52.74034999069197
2025-10-01,23.13979913885669,25.025834056182447,-1.8860349173257553,1.8860349173257553,3,Vegetables,Beginner,2,0,10,0,32.494898630312264,298 meals,8,31.893318181804485,51.2145074179365
2025-10-02,18.892526056314637,17.669797418743173,1.222728637571464,1.222728637571464,3,Bakery,Beginner,3,0,10,0,19.9010981121118,229 meals,18 staff,,37.94813724107129
2025-10-03,27.257085963468068,22.043627536709543,5.213458426758525,5.213458426758525,3,Meat,Beginner,4,0,10,0,15.4963129028298,362 meals,8 staff,22.5808097076607,70.33695915078913
2025-10-04,26.369014000402164,28.0528078589146,-1.6837938585124377,1.6837938585124377,3,Rice,Expert,5,1,10,0,35.388853147237015,352 meals,10,33.30121465034445,60.52151644376256
2025-10-05,30.089359754301245,29.753160909557117,0.3361988447441284,0.3361988447441284,3,Vegetables,Beginner,6,1,10,0,35.945895802213364,401 meals,19 staff,20.023385350968027,73.26736536688597
2025-10-06,25.947347793255112,26.031499782149176,-0.08415198889406383,0.08415198889406383,3,Rice,Beginner,0,0,10,0,23.224654958673625,378 meals,12 staff,31.884246505722864,51.161467210184085
2025-10-07,26.547537947033028,24.90208715759414,1.6454507894388897,1.6454507894388897,3,Vegetables,Expert,1,0,10,0,29.476163390692967,313 meals,12,24.68041145018808,49.542132694662136
2025-10-08,25.818609919445382,24.74567431229888,1.0729356071465013,1.0729356071465013,3,Rice,Beginner,2,0,10,0,19.940786569269648,376,9 staff,25.281908851025197,58.35455118263134
2025-10-09,27.46255587073788,24.744382771791663,2.7181730989462167,2.7181730989462167,3,Rice,Intermediate,3,0,10,0,33.07788800479227,296 meals,19 staff,21.16936562978968,82.64444072370881
2025-10-10,25.90038758669789,19.573353996791873,6.327033589906016,6.327033589906016,3,Meat,Beginner,4,0,10,0,38.42886386591485,169,10 staff,26.460844012380317,32.41687840403882
2025-10-11,17.642095398069205,17.913585400016785,-0.2714900019475799,0.2714900019475799,3,Meat,Beginner,5,1,10,0,32.52933109342598,196 meals,8 staff,21.504223925524222,78.28996903778832
2025-10-12,28.58017845660181,25.472581692972202,3.1075967636296085,3.1075967636296085,3,Vegetables,Intermediate,6,1,10,0,25.50330507388546,382 meals,16 staff,-10.0,52.13925675946539
2025-10-13,30.66581484846996,29.41053993393747,1.2552749145324889,1.2552749145324889,3,Bakery,Expert,0,0,10,0,23.34631837969481,454 meals,18,20.43997210688712,81.27714154730866
2025-10-14,17.41495646399278,16.39820643355571,1.0167500304370698,1.0167500304370698,3,Meat,Beginner,1,0,10,0,30.69278603902977,163 meals,15 staff,,78.13218053015139
2025-10-15,26.075986370246312,24.39068774795984,1.6852986222864708,1.6852986222864708,3,Meat,Expert,2,0,10,1,32.19243566405321,292,17 staff,34.56709574113714,50.92567484376531
2025-10-16,14.90434426109923,16.217154602487668,-1.3128103413884382,1.3128103413884382,3,Dairy,Intermediate,3,0,10,0,27.34917774098156,150 meals,13 staff,,71.63259211929696
2025-10-17,20.118444496229703,18.91276804241693,1.2056764538127744,1.2056764538127744,3,Meat,Expert,4,0,10,0,29.9976910042958,203 meals,12 staff,22.9031059494461,39.577965406406406
2025-10-18,19.143186900792543,22.902462268200964,-3.7592753674084207,3.7592753674084207,3,Bakery,Expert,5,1,10,1,8.863547299781288,408 meals,14 staff,29.56741708679292,83.77689312982727
2025-10-19,25.954740359390453,26.973894393725054,-1.0191540343346013,1.0191540343346013,3,Dairy,Expert,6,1,10,0,43.07062064569307,293 meals,16 staff,21.9161219682085,54.26946386711457
2025-10-20,22.1818392071137,18.888480262479497,3.2933589446342033,3.2933589446342033,3,Rice,Beginner,0,0,10,0,36.630922549281365,161,14 staff,28.42186314171952,57.33753692131201
2025-10-21,32.96438338429467,29.62083151301131,3.34355187128336,3.34355187128336,3,Rice,Beginner,1,0,10,0,19.957114788271355,479 meals,5 staff,,72.3455430622191
2025-10-22,27.68205122159812,26.819576141113473,0.8624750804846464,0.8624750804846464,3,Dairy,Beginner,2,0,10,0,27.5125044381452,373 meals,19 staff,33.935124893844815,79.25041420229105
2025-10-23,21.75874509846782,23.29485929535149,-1.5361141968836698,1.5361141968836698,3,Dairy,Beginner,3,0,10,0,6.892981205456854,421 meals,6 staff,23.00424551699344,44.18056459969257
2025-10-24,19.720531257043557,18.086127604616937,1.6344036524266201,1.6344036524266201,3,Dairy,Intermediate,4,0,10,0,6.649112559962416,305 meals,13 staff,30.665959659120954,69.68100839261973
2025-10-25,16.069042165833466,11.73501670938855,4.334025456444916,4.334025456444916,3,Vegetables,Beginner,5,1,10,0,15.031933404478508,157 meals,12 staff,20.318569012642374,53.519882633348914
2025-10-26,22.08931909870244,24.34264235468845,-2.253323255986011,2.253323255986011,3,Bakery,Expert,6,1,10,1,32.58806569458493,271 meals,18 staff,60.0,52.12217544023768
2025-10-27,32.21071391364469,36.007358274644176,-3.796644360999487,3.796644360999487,3,Bakery,Expert,0,0,10,0,39.08590991200047,497 meals,7 staff,15.515391975287024,71.40154943643928
2025-10-28,25.20763533612024,24.064087421558597,1.143547914561644,1.143547914561644,3,Rice,Expert,1,0,10,0,27.36743519919393,313 meals,12 staff,27.070576130022417,53.230996449356056
2025-10-29,22.57689770721056,20.144214319129457,2.4326833880811023,2.4326833880811023,3,Rice,Expert,2,0,10,0,26.285309583294097,239 meals,16 staff,28.19011963302654,50.76651000986446
2025-10-30,22.340164984511823,21.113263283534327,1.2269017009774963,1.2269017009774963,4,Rice,Expert,3,0,10,0,21.09238135165864,285 meals,5 staff,,80.15330448757454
2025-10-31,24.88441306318608,20.401114242288656,4.483298820897424,4.483298820897424,4,Meat,Beginner,4,0,10,0,11.463918238320849,335 meals,14 staff,,36.07656742986038
2025-11-01,30.87815121250348,25.698156141241927,5.179995071261551,5.179995071261551,4,Rice,Intermediate,5,1,11,0,9.734164053063502,465 meals,8 staff,-10.0,70.55355736981264
2025-11-02,26.061965244711097,27.25634793011945,-1.1943826854083532,1.1943826854083532,4,Dairy,Intermediate,6,1,11,0,35.427190448838644,327 meals,7 staff,18.623665581001656,44.92352362743748
2025-11-03,22.077025772290263,21.90766989780741,0.1693558744828536,0.1693558744828536,4,Rice,Beginner,0,0,11,0,42.100142051863024,177 meals,10,27.45506806479682,30.92989450957142
2025-11-04,23.959794070596143,25.99251812715506,-2.0327240565589157,2.0327240565589157,4,Dairy,Expert,1,0,11,0,23.331328655450925,369 meals,11 staff,19.453521582461697,40.00585613236152
2025-11-05,15.847156814765688,19.729041398555495,-3.881884583789807,3.881884583789807,4,Vegetables,Intermediate,2,0,11,0,31.37782634862553,190 meals,8 staff,21.144328340425417,66.39969178655207
2025-11-06,28.43317389616532,30.809852943478127,-2.3766790473128054,2.3766790473128054,4,Meat,Beginner,3,0,11,0,41.578306035237645,377 meals,11 staff,25.929170834562488,72.54763148915625
2025-11-07,21.782427654998862,20.089399364596154,1.693028290402708,1.693028290402708,4,Meat,Expert,4,0,11,0,8.604545317365782,341 meals,13 staff,23.343868371291528,31.2634670133792
2025-11-08,26.35443999948769,25.932796406389382,0.421643593098306,0.421643593098306,4,Bakery,Beginner,5,1,11,0,35.81925812476119,294 meals,15 staff,60.0,32.18552659810321
2025-11-09,29.071685134009417,25.74273686870985,3.328948265299566,3.328948265299566,4,Vegetables,Beginner,6,1,11,0,29.672675375023005,350 meals,6 staff,18.41872804841697,84.15252689057718
2025-11-10,34.32851037585771,27.67692323335302,6.651587142504692,6.651587142504692,4,Dairy,Intermediate,0,0,11,0,28.945487153194453,361 meals,15,23.36289576325599,34.39834908682319
2025-11-11,24.960087951503027,23.089185691724367,1.87090225977866,1.87090225977866,4,Vegetables,Expert,1,0,11,0,16.701617139262794,369 meals,7 staff,-10.0,83.65092951699427
2025-11-12,26.792958520030933,29.066906734915136,-2.2739482148842036,2.2739482148842036,4,Meat,Beginner,2,0,11,0,32.355734191107075,389 meals,9 staff,32.95929293695577,43.68995482505434
2025-11-13,23.892953519874197,21.534280062650698,2.3586734572234995,2.3586734572234995,4,Dairy,Intermediate,3,0,11,0,36.79191019283106,195 meals,7 staff,16.682553245187655,74.40106800949277
2025-11-14,9.634761102301042,12.82791090862942,-3.1931498063283783,3.1931498063283783,4,Vegetables,Beginner,4,0,11,0,9.514326597747884,184 meals,15 staff,22.862078151188022,48.583994936760725
2025-11-15,33.247267826126034,27.34235262668408,5.904915199441955,5.904915199441955,4,Meat,Intermediate,5,1,11,0,26.34085723923935,402 meals,12 staff,17.004911274457534,81.52512153655104
2025-11-16,8.350834695832884,14.295378576237255,-5.944543880404371,5.944543880404371,4,Dairy,Expert,6,1,11,0,9.050607239496388,231,16 staff,15.331849612651958,72.02729192546147
2025-11-17,30.581241380564443,32.59827224197913,-2.017030861414689,2.017030861414689,4,Dairy,Expert,0,0,11,0,39.90296077190578,405 meals,14 staff,28.23437365287913,54.108807516101706
2025-11-18,26.75805549120911,25.075285770457185,1.6827697207519243,1.6827697207519243,4,Meat,Expert,1,0,11,0,25.305468906253893,346 meals,12 staff,27.04898883933176,34.57814725044477
2025-11-19,37.32815125260272,34.28454359919708,3.043607653405644,3.043607653405644,4,Dairy,Intermediate,2,0,11,0,37.31862757043029,452 meals,12 staff,18.26038227629773,73.96201103224843
2025-11-20,11.836078273124023,13.86408618294314,-2.0280079098191166,2.0280079098191166,4,Meat,Beginner,3,0,11,0,19.72342550664857,159,16 staff,,67.0130853579109
2025-11-21,23.476164818235937,26.84704058441786,-3.370875766181925,3.370875766181925,4,Rice,Expert,4,0,11,0,10.003129072653016,461 meals,16 staff,15.474155072890367,30.174703070027324
2025-11-22,24.19309322753767,23.95958054871481,0.23351267882285853,0.23351267882285853,4,Rice,Beginner,5,1,11,0,6.659972175428459,435 meals,13 staff,31.698944113888075,30.56519135834672
2025-11-23,30.155096999965664,24.75868619970438,5.396410800261286,5.396410800261286,4,Dairy,Intermediate,6,1,11,0,16.26038483089502,391 meals,8 staff,,78.52757839156163
2025-11-24,19.815671504373505,24.958595725684408,-5.142924221310903,5.142924221310903,4,Dairy,Expert,0,0,11,0,14.769348014563144,400,9 staff,17.709190735893817,45.56398432811123
2025-11-25,14.981863396722144,15.626463082466854,-0.6445996857447103,0.6445996857447103,4,Meat,Beginner,1,0,11,0,27.414078960798477,154 meals,9 staff,19.62950427530596,68.16802006368394
2025-11-26,15.941421115941846,16.48176935190094,-0.5403482359590939,0.5403482359590939,4,Dairy,Intermediate,2,0,11,1,5.869553522548294,268 meals,12 staff,32.36819047893868,57.25286518591484
2025-11-27,27.25899844186648,29.778100088564123,-2.519101646697642,2.519101646697642,4,Bakery,Beginner,3,0,11,1,25.822821771966936,438 meals,11 staff,33.529275959123694,81.80580087130603
2025-11-28,14.503102251014251,17.546114877008456,-3.043012625994205,3.043012625994205,4,Rice,Expert,4,0,11,0,20.670869680480127,214 meals,13 staff,23.39254765613621,85.01766678614932
2025-11-29,22.47529239514795,23.16297437438684,-0.6876819792388922,0.6876819792388922,4,Dairy,Intermediate,5,1,11,0,28.084890796577685,295 meals,19 staff,16.01244944538148,89.80846276073125
2025-11-30,29.4571398159528,28.74064493542751,0.7164948805252891,0.7164948805252891,4,Dairy,Expert,6,1,11,0,33.09670112601459,373 meals,19 staff,,39.22104814843481
2025-12-01,27.92391840146808,28.410491360232076,-0.48657295876399687,0.48657295876399687,4,Vegetables,Beginner,0,0,12,0,30.36367780319356,388,18 staff,,81.77784278852852
2025-12-02,34.01242938957829,30.418243375270546,3.5941860143077413,3.5941860143077413,4,Dairy,Intermediate,1,0,12,0,44.38577477493465,326 meals,12 staff,22.85790217786358,45.96128260372811
2025-12-03,25.7369954617277,24.076997117734848,1.6599983439928536,1.6599983439928536,4,Bakery,Beginner,2,0,12,0,10.530613755074842,416 meals,6 staff,15.57304855155309,65.44895249373046
2025-12-04,32.30633617680255,31.326375106244406,0.9799610705581472,0.9799610705581472,4,Rice,Beginner,3,0,12,1,22.18948035719114,490 meals,14 staff,,60.346370032152656
2025-12-05,31.230929697644846,28.70919382515818,2.5217358724866656,2.5217358724866656,4,Vegetables,Expert,4,0,12,1,21.993229465732448,431 meals,16 staff,15.22605073178045,31.07928789434326
2025-12-06,18.30704711867981,16.5705777746358,1.7364693440440107,1.7364693440440107,4,Meat,Expert,5,1,12,0,21.682128148116824,212 meals,8 staff,30.747439162985454,85.96627679436568
2025-12-07,26.436020822607617,27.04508089477693,-0.6090600721693136,0.6090600721693136,4,Meat,Beginner,6,1,12,0,31.55193568170673,366 meals,10 staff,21.128656454067432,34.69962330895311
2025-12-08,31.13847936727752,31.73952450368072,-0.6010451364032008,0.6010451364032008,4,Rice,Beginner,0,0,12,0,24.593122421868895,491 meals,16 staff,15.805160060184642,71.29313516446415
2025-12-09,27.5208820769213,30.640917633148526,-3.1200355562272257,3.1200355562272257,4,Meat,Expert,1,0,12,0,25.697302392518523,464 meals,6 staff,26.767044419663065,77.10041017249571
2025-12-10,34.30290646538441,28.3365133901738,5.966393075210611,5.966393075210611,4,Bakery,Beginner,2,0,12,0,22.294239685870583,432 meals,11 staff,22.95368828866109,77.71727094286106
2025-12-11,32.492565441424944,30.580411706565258,1.912153734859686,1.912153734859686,4,Dairy,Expert,3,0,12,0,44.6679784407425,326 meals,7 staff,34.47600826714299,38.12967113573069
2025-12-12,17.30199092637702,26.028239125398333,-8.726248199021313,8.726248199021313,4,Rice,Intermediate,4,0,12,0,42.102453952761685,247 meals,17 staff,25.88397325007404,56.854197030478325
2025-12-13,21.892075570301422,17.631885617899766,4.260189952401657,4.260189952401657,4,Vegetables,Beginner,5,1,12,0,17.308967574574837,254 meals,7 staff,,79.76573222603879
2025-12-14,10.841329175878164,15.773201122374923,-4.931871946496759,4.931871946496759,4,Dairy,Expert,6,1,12,0,9.463756990666688,248 meals,15 staff,29.188777292679497,48.16075262272528
2025-12-15,36.13918362239207,34.43077813569774,1.7084054866943248,1.7084054866943248,4,Meat,Intermediate,0,0,12,1,38.590588961544114,460 meals,6 staff,20.429840050854224,58.06492052247982
2025-12-16,14.603965756574672,21.213189240782075,-6.609223484207403,6.609223484207403,4,Meat,Beginner,1,0,12,0,44.88681005702898,155 meals,15,33.0848658281513,46.36763356199074
2025-12-17,21.026918704586027,22.71810441478142,-1.6911857101953913,1.6911857101953913,4,Vegetables,Beginner,2,0,12,0,16.70435576158582,346 meals,12 staff,22.49443941014753,57.81308507311945
2025-12-18,23.916219633326712,20.217537017017392,3.69868261630932,3.69868261630932,4,Bakery,Beginner,3,0,12,0,19.31139703367065,282 meals,10,25.997371255524104,83.2702753555728
2025-12-19,37.389499837680745,32.77054179665399,4.618958041026758,4.618958041026758,4,Vegetables,Beginner,4,0,12,0,42.66532725940812,408 meals,5 staff,-10.0,57.30745386196617
2025-12-20,19.55388039444898,18.67780784124673,0.8760725532022526,0.8760725532022526,4,Rice,Expert,5,1,12,0,33.445180720123595,172 meals,16 staff,23.52242475904461,63.35472102445922
2025-12-21,17.5100543610692,15.243178477816688,2.2668758832525135,2.2668758832525135,4,Vegetables,Beginner,6,1,12,0,16.825533271185446,202 meals,5 staff,,54.23857699818501
2025-12-22,19.931847217981744,24.51106777977583,-4.579220561794084,4.579220561794084,4,Meat,Intermediate,0,0,12,1,28.2418596513566,314 meals,11 staff,31.11297610726684,57.607030992199526
2025-12-23,31.99575477038107,31.210371051464232,0.7853837189168367,0.7853837189168367,4,Bakery,Intermediate,1,0,12,0,42.76918317457024,351 meals,12 staff,19.486371177070524,30.9104519427853
2025-12-24,25.394669513194863,23.163365205187375,2.2313043080074877,2.2313043080074877,4,Bakery,Beginner,2,0,12,0,37.47252427783114,232,9 staff,19.521581420211252,47.02473059762736
2025-12-25,32.811230077844336,25.650025235889856,7.161204841954479,7.161204841954479,4,Vegetables,Beginner,3,0,12,0,34.673308549146384,294 meals,16 staff,31.346106244264732,56.19490330450947
2025-12-26,20.174297841679994,22.57240643761665,-2.3981085959366553,2.3981085959366553,4,Rice,Beginner,4,0,12,1,34.479852469080896,234 meals,15 staff,33.60796840338651,68.02781855956374
2025-12-27,15.035152342591578,14.576374618016336,0.458777724575242,0.458777724575242,4,Meat,Expert,5,1,12,0,12.120812971690814,227 meals,9,16.907218425460073,57.00311583323353
2025-12-28,19.13052020569155,19.525394606306687,-0.39487440061513723,0.39487440061513723,4,Dairy,Intermediate,6,1,12,0,37.98724956911746,150 meals,8 staff,24.001172788524507,50.26902259929384
2025-12-29,16.90917479065011,15.513458967272461,1.3957158233776479,1.3957158233776479,4,Bakery,Expert,0,0,12,0,16.044745297738324,200 meals,18 staff,21.74908557928458,53.28592412064943
2025-12-30,31.405931959465256,29.463691481772436,1.9422404776928204,1.9422404776928204,4,Vegetables,Expert,1,0,12,0,42.214666316061184,322 meals,10 staff,32.41376910914879,44.537599752028
2025-12-31,26.758425227534996,23.6672426033826,3.0911826241523954,3.0911826241523954,4,Rice,Beginner,2,0,12,0,19.58559964055132,354 meals,18 staff,16.670498293600374,85.46965696644318
2026-01-01,35.205811242445506,31.75760209244346,3.4482091500020466,3.4482091500020466,4,Rice,Beginner,3,0,1,0,39.306415881690256,409 meals,10 staff,19.22251885116075,61.30459354745487
2026-01-02,22.10144705668147,26.48307822975051,-4.381631173069042,4.381631173069042,4,Meat,Expert,4,0,1,0,15.649339780712058,437 meals,7 staff,30.049366751729885,30.804567232327383
2026-01-03,8.98473259803978,16.1715253923814,-7.1867927943416205,7.1867927943416205,4,Bakery,Beginner,5,1,1,0,25.581077463289617,183 meals,13 staff,16.02587697962431,31.1667755051728
2026-01-04,26.089494384619623,26.702189558750554,-0.6126951741309306,0.6126951741309306,4,Meat,Intermediate,6,1,1,0,9.275411819562422,497 meals,16 staff,24.850707614285785,88.3776980971225
2026-01-05,21.51517630213492,21.729190206943425,-0.2140139048085068,0.2140139048085068,4,Dairy,Expert,0,0,1,0,31.40475611984696,244 meals,15 staff,23.8421406935944,43.287053482394704
2026-01-06,20.74314802414136,22.368014152442605,-1.624866128301246,1.624866128301246,4,Dairy,Expert,1,0,1,0,38.44317100667353,221 meals,18 staff,21.68802357977497,78.33649732885888
2026-01-07,18.14227294662569,19.60957784881168,-1.4673049021859903,1.4673049021859903,4,Dairy,Beginner,2,0,1,0,33.737891252096645,188 meals,11 staff,22.89144630637848,33.49651809363447
2026-01-08,21.92035387204329,23.239338927295226,-1.318985055251936,1.318985055251936,4,Rice,Intermediate,3,0,1,0,25.93034051754629,303 meals,5 staff,25.59881173860466,85.26976420167294
2026-01-09,23.723713541475625,21.68177581700087,2.0419377244747565,2.0419377244747565,4,Bakery,Beginner,4,0,1,0,6.80463514405838,399 meals,19 staff,18.22734716776766,82.4650202200007
2026-01-10,25.15021592093321,26.637402461506063,-1.4871865405728535,1.4871865405728535,4,Meat,Beginner,5,1,1,1,42.337640286834336,311 meals,17 staff,26.439917565671852,64.26558974607087
2026-01-11,23.08239127306144,22.157461236644945,0.9249300364164945,0.9249300364164945,4,Meat,Beginner,6,1,1,1,33.219581943145386,267 meals,11 staff,,30.539919436995348
2026-01-12,30.63985001172688,30.656393295287195,-0.016543283560313427,0.016543283560313427,4,Dairy,Beginner,0,0,1,0,34.83456953461332,408 meals,9 staff,30.20321859580318,45.46865244140025
2026-01-13,35.45026492165515,33.180123110594586,2.2701418110605616,2.2701418110605616,4,Bakery,Beginner,1,0,1,0,36.787223020432286,455,9 staff,18.077998093875472,54.409358843907896
2026-01-14,34.80863563027004,30.807415618506976,4.001220011763063,4.001220011763063,4,Bakery,Beginner,2,0,1,0,34.90973703710443,417 meals,18 staff,17.984989394829476,57.603847004853705
2026-01-15,21.995716163544188,17.485213580367443,4.510502583176745,4.510502583176745,4,Vegetables,Intermediate,3,0,1,1,22.644646563933343,203 meals,17 staff,20.363487354898268,47.86072551374232
2026-01-16,27.31548961019103,29.500767470130036,-2.1852778599390064,2.1852778599390064,4,Bakery,Beginner,4,0,1,0,34.344873171517875,385 meals,6 staff,22.221494526820745,31.9768720947318
2026-01-17,21.550397622030463,27.179671461875653,-5.62927383984519,5.62927383984519,4,Bakery,Intermediate,5,1,1,0,30.00107151241316,371 meals,8,23.16911162816965,65.40764435559252
2026-01-18,31.02241131781958,30.34501167691335,0.6773996409062271,0.6773996409062271,4,Meat,Beginner,6,1,1,0,39.16065334675146,400 meals,16 staff,28.593944336666905,61.44928006168536
2026-01-19,29.46366720914891,33.72762273864703,-4.263955529498119,4.263955529498119,4,Bakery,Expert,0,0,1,1,37.098392613494816,462 meals,10,16.13360864331671,46.98003812574466
2026-01-20,23.250223317378037,15.338255057651743,7.911968259726294,7.911968259726294,4,Bakery,Expert,1,0,1,0,6.654975298690395,261 meals,14 staff,15.693454084521328,32.27855805417639
2026-01-21,23.628003527462173,25.237878867393615,-1.6098753399314418,1.6098753399314418,4,Meat,Beginner,2,0,1,0,20.15548361330421,404 meals,19 staff,22.838211258878182,89.67565123331642
2026-01-22,26.20809512316493,24.553138536808554,1.654956586356377,1.654956586356377,4,Bakery,Beginner,3,0,1,0,6.388646087355783,452 meals,15 staff,28.94327384275961,58.91917120958436
2026-01-23,23.327097417216464,20.08542495781434,3.2416724594021247,3.2416724594021247,4,Meat,Expert,4,0,1,0,9.082996990643917,356 meals,11 staff,18.86870685912965,75.36025450644462
2026-01-24,28.638795648757345,27.50025642853501,1.1385392202223343,1.1385392202223343,4,Vegetables,Beginner,5,1,1,0,29.05642888014445,378 meals,15 staff,60.0,57.13884210308013
2026-01-25,42.71602290787464,35.89493134284497,6.821091565029668,6.821091565029668,4,Rice,Expert,6,1,1,0,39.95287284649014,490 meals,9 staff,20.19656275880599,32.59021745177649
2026-01-26,13.080453684163777,13.403211322611964,-0.32275763844818783,0.32275763844818783,4,Meat,Beginner,0,0,1,0,9.79299034837069,215 meals,13 staff,32.721722176270326,48.57604470513
2026-01-27,15.608426177487525,17.876447524833516,-2.268021347345991,2.268021347345991,4,Meat,Expert,1,0,1,1,23.04357149867326,224 meals,7 staff,32.91379888533233,49.20660846035408
2026-01-28,22.37067302122355,24.523018073599513,-2.1523450523759635,2.1523450523759635,4,Bakery,Beginner,2,0,1,0,41.43515619225775,252 meals,5,20.94574408562653,80.30117424294096
2026-01-29,30.571628887870094,27.995955528266983,2.575673359603112,2.575673359603112,4,Meat,Intermediate,3,0,1,0,37.57203934686351,341 meals,8 staff,19.59987507926481,69.25379867999246
2026-01-30,27.21662001879599,27.84713063060675,-0.6305106118107595,0.6305106118107595,4,Dairy,Beginner,4,0,1,0,25.7867158586372,401 meals,13 staff,23.226079441324625,46.525794218368375
2026-01-31,26.84939030373632,28.961754296651286,-2.1123639929149647,2.1123639929149647,4,Dairy,Intermediate,5,1,1,0,35.862857573153235,375 meals,8 staff,19.81063170360297,88.06439727954516
2026-02-01,31.24624093510516,29.864597693455636,1.381643241649524,1.381643241649524,4,Vegetables,Intermediate,6,1,2,0,25.90775096178148,443 meals,6 staff,28.447676865834072,49.29250994387228
2026-02-02,28.27485572265912,25.22233441400055,3.0525213086585694,3.0525213086585694,4,Meat,Beginner,0,0,2,0,11.32369349131395,455 meals,14 staff,31.52129369096571,89.89404154972323
2026-02-03,16.160748917518784,15.75417949470228,0.40656942281650466,0.40656942281650466,4,Bakery,Intermediate,1,0,2,0,9.989444528867164,247 meals,18,28.46184261822434,89.7698215902158
2026-02-04,30.80920796181166,28.312971689224185,2.496236272587474,2.496236272587474,4,Bakery,Expert,2,0,2,1,12.53472928268279,487 meals,18 staff,31.48700894498699,41.47263106480451
2026-02-05,27.725360978139094,27.905710827767425,-0.18034984962833178,0.18034984962833178,4,Rice,Intermediate,3,0,2,1,19.03688379862718,435,9 staff,22.939843244149483,48.76446697130401
2026-02-06,35.085475200544444,36.279814480829884,-1.1943392802854405,1.1943392802854405,4,Vegetables,Beginner,4,0,2,1,42.22117070696075,484 meals,7 staff,18.126339414177217,59.16265190907925
2026-02-07,38.33034117837774,35.44992259656567,2.880418581812073,2.880418581812073,4,Bakery,Intermediate,5,1,2,0,36.98713654614406,496 meals,17 staff,29.759018947951844,69.84604026887345
2026-02-08,26.873353974130804,28.720880799428933,-1.8475268252981287,1.8475268252981287,4,Rice,Beginner,6,1,2,0,22.3120624490527,457 meals,16 staff,22.20949010283108,61.68284694022796
2026-02-09,23.93026447585096,26.794431054408488,-2.8641665785575263,2.8641665785575263,4,Bakery,Beginner,0,0,2,0,24.72306839150296,398 meals,17 staff,28.42541650458265,88.16648814793541
2026-02-10,23.90516243959897,20.415863957957324,3.4892984816416472,3.4892984816416472,4,Rice,Expert,1,0,2,0,15.624378306656595,315 meals,13 staff,20.41287883963531,73.43934985414148
2026-02-11,33.10869156461579,34.43822950630238,-1.3295379416865885,1.3295379416865885,4,Dairy,Intermediate,2,0,2,0,33.1741182588852,484 meals,8 staff,16.624592696133455,42.72269096297846
2026-02-12,25.08023978587937,21.099304310609078,3.980935475270293,3.980935475270293,4,Dairy,Intermediate,3,0,2,0,37.11062685848152,179 meals,10 staff,34.85163590975527,36.3058530128183
2026-02-13,26.73664070819074,24.183971950415884,2.552668757774857,2.552668757774857,4,Bakery,Expert,4,0,2,0,14.556187826703065,396 meals,6 staff,18.124030158611987,71.30407744256141
2026-02-14,13.480343343735068,14.896640088248649,-1.4162967445135806,1.4162967445135806,4,Vegetables,Expert,5,1,2,0,6.672864951458615,255 meals,10 staff,34.76841987926962,39.50714641084578
2026-02-15,20.445331614743644,17.903059677743578,2.5422719370000664,2.5422719370000664,4,Meat,Beginner,6,1,2,0,29.955557726518816,200 meals,7 staff,34.545598651328945,77.26061042014524
2026-02-16,27.33528625296443,19.800906584088494,7.5343796688759355,7.5343796688759355,4,Vegetables,Beginner,0,0,2,0,27.500484765412665,230 meals,16 staff,30.876362078160792,48.66220003562022
2026-02-17,22.688393288783693,20.73509916641103,1.9532941223726645,1.9532941223726645,4,Vegetables,Expert,1,0,2,0,21.08524620115506,282 meals,16,28.18845924163995,49.61359578333639
2026-02-18,32.67182402150584,30.63616605637292,2.03565796513292,2.03565796513292,4,Meat,Expert,2,0,2,0,30.755757670928404,434 meals,13 staff,26.556141005021694,30.64790354337072
2026-02-19,20.67319635488186,23.14724005205049,-2.4740436971686286,2.4740436971686286,4,Dairy,Intermediate,3,0,2,0,27.024531919405742,287 meals,15 staff,32.322030907556695,72.06067602570243
2026-02-20,26.6906430077265,21.4512438178384,5.2393991898881005,5.2393991898881005,4,Dairy,Beginner,4,0,2,0,15.023263063767711,333 meals,6 staff,20.78879043238976,36.79618518388115
2026-02-21,34.17656084801159,28.85975094781949,5.316809900192101,5.316809900192101,4,Meat,Expert,5,1,2,1,20.90915902490889,479 meals,19 staff,24.35362424969754,76.37283464781109
2026-02-22,25.9806767417868,27.724417148332236,-1.7437404065454345,1.7437404065454345,4,Rice,Intermediate,6,1,2,0,22.124542789889663,422 meals,16 staff,27.38779938733004,59.512069315032406
2026-02-23,42.15421449993615,36.31536413691774,5.838850363018416,5.838850363018416,4,Vegetables,Intermediate,0,0,2,1,40.20991977902255,489 meals,16 staff,23.22380951738982,77.05678889727415
2026-02-24,24.42510349905456,23.598159581293636,0.826943917760925,0.826943917760925,4,Bakery,Beginner,1,0,2,0,43.436166165158376,218 meals,13 staff,23.54972908180536,65.03559235186448
2026-02-25,18.844871324747885,21.53717849490349,-2.6923071701556047,2.6923071701556047,4,Dairy,Beginner,2,0,2,0,40.72005449585989,183 meals,9 staff,,34.94599632113945
2026-02-26,28.884580168168146,30.591556861370147,-1.7069766932020016,1.7069766932020016,4,Bakery,Expert,3,0,2,0,33.76712096207918,411 meals,12 staff,26.28463633369072,75.93914020231098
2026-02-27,21.2530169044942,18.80605601060442,2.4469608938897807,2.4469608938897807,4,Meat,Expert,4,0,2,0,28.399709344232875,202 meals,6 staff,32.01149056030232,34.187969093684984
2026-02-28,24.97063915502496,27.159556603811268,-2.1889174487863094,2.1889174487863094,4,Bakery,Intermediate,5,1,2,0,32.5704654186382,354 meals,10 staff,19.030567560126254,58.72210323415993
2026-03-01,23.209961475633524,26.48098067368135,-3.271019198047828,3.271019198047828,4,Bakery,Intermediate,6,1,3,0,42.56436882930756,275,7 staff,,40.3409528486978
2026-03-02,22.383361375430557,23.718194341500343,-1.3348329660697864,1.3348329660697864,4,Vegetables,Expert,0,0,3,0,14.99994940895327,384 meals,16 staff,28.78175307496459,75.1401106786731
2026-03-03,16.65290641885202,17.09860502085366,-0.4456986020016416,0.4456986020016416,4,Meat,Expert,1,0,3,0,26.404820306936195,192 meals,16 staff,31.465464253600604,84.69547366836758
2026-03-04,27.20534965108921,29.540947482580638,-2.3355978314914267,2.3355978314914267,4,Bakery,Intermediate,2,0,3,0,32.58432076001632,389 meals,18 staff,,63.24756980149645
2026-03-05,21.2891293340772,23.011295586713974,-1.7221662526367751,1.7221662526367751,4,Dairy,Expert,3,0,3,0,32.16988005297098,260 meals,14 staff,30.59033402848127,61.628837657950825
2026-03-06,27.17814121710622,24.235460625248276,2.9426805918579433,2.9426805918579433,4,Meat,Intermediate,4,0,3,0,15.091158383073456,398 meals,9 staff,15.324007946789344,75.83779177953707
2026-03-07,24.310285638115367,23.521179154313597,0.7891064838017705,0.7891064838017705,4,Dairy,Expert,5,1,3,0,28.469261095590078,300 meals,16 staff,31.367608495590705,30.304728778543637
2026-03-08,26.10403544959636,26.77489885176519,-0.6708634021688304,0.6708634021688304,4,Rice,Expert,6,1,3,0,36.836525696806255,332 meals,12,15.80277718170733,85.06551855810964
2026-03-09,30.16740351376207,31.990610663789305,-1.8232071500272333,1.8232071500272333,4,Bakery,Intermediate,0,0,3,0,24.003159202009755,485 meals,14,32.79826752725725,41.8469290254679
2026-03-10,22.82460839160076,22.45435740737369,0.37025098422707003,0.37025098422707003,4,Meat,Beginner,1,0,3,0,36.7319230679494,244 meals,18 staff,34.83925494477286,89.04713302957424
2026-03-11,13.445348549284097,13.92257386470475,-0.47722531542065383,0.47722531542065383,4,Dairy,Expert,2,0,3,0,19.395303910182196,157 meals,5 staff,20.88134924353556,74.17523687762773
2026-03-12,29.204562757312868,28.827209023318108,0.37735373399475947,0.37735373399475947,4,Bakery,Beginner,3,0,3,1,42.55040508655036,333 meals,9,19.206371125715872,76.45506886204026
2026-03-13,32.04788427513917,29.987997241670026,2.059887033469142,2.059887033469142,4,Vegetables,Intermediate,4,0,3,0,26.357137619964043,430 meals,7 staff,30.30726727716081,69.3721788224164
2026-03-14,26.442490622387567,25.351937073843704,1.0905535485438627,1.0905535485438627,4,Dairy,Expert,5,1,3,0,28.83791803170457,344 meals,8 staff,20.060526818405062,58.299790967109615
2026-03-15,19.755711855452702,19.43019286182954,0.32551899362316306,0.32551899362316306,4,Dairy,Intermediate,6,1,3,0,6.254462752183536,344,6 staff,32.31124766344407,64.29766160166993
2026-03-16,23.0235857066434,19.06341685042841,3.960168856214988,3.960168856214988,4,Rice,Expert,0,0,3,0,11.81076548514377,304 meals,13 staff,17.056851843149534,32.78417316090754
2026-03-17,26.825160861328747,21.14635480517008,5.678806056158667,5.678806056158667,4,Vegetables,Expert,1,0,3,0,30.31735521884179,242 meals,7,17.519103927587164,67.43757056592085
2026-03-18,18.29553060279326,22.143048417792293,-3.8475178149990334,3.8475178149990334,4,Rice,Beginner,2,0,3,0,21.79481487129085,309 meals,19 staff,34.58303110201231,67.5658861192228
2026-03-19,13.361241148311242,18.10038441607567,-4.739143267764428,4.739143267764428,4,Vegetables,Beginner,3,0,3,0,25.326551618326988,210 meals,6 staff,28.476777965400093,83.47204784410857
2026-03-20,14.757438560937247,16.316765217977697,-1.5593266570404491,1.5593266570404491,4,Dairy,Beginner,4,0,3,0,7.518856349348018,271 meals,14 staff,31.937744488579057,60.33938144581316
2026-03-21,23.859008579608552,21.022929061567744,2.8360795180408083,2.8360795180408083,4,Rice,Beginner,5,1,3,0,38.36540953641537,200 meals,15 staff,21.48658754703036,34.62866244516366
2026-03-22,33.3420264275169,31.79990337771379,1.5421230498031093,1.5421230498031093,4,Bakery,Expert,6,1,3,0,36.38022409184869,426 meals,13 staff,28.52967499041209,48.37175522892487
2026-03-23,14.58654681679784,11.772646613547007,2.8139002032508333,2.8139002032508333,4,Vegetables,Expert,0,0,3,0,12.414159028873982,154 meals,11 staff,26.884836546171943,69.33776472685905
2026-03-24,19.98486075001221,21.337751062184207,-1.352890312171997,1.352890312171997,4,Dairy,Beginner,1,0,3,0,30.37317429029517,241 meals,10 staff,27.06300240245894,44.35553176508783
2026-03-25,21.399662043317257,26.895593257945,-5.495931214627742,5.495931214627742,4,Meat,Expert,2,0,3,1,37.73260846617087,319 meals,5 staff,28.650649190754432,46.831669311324056
2026-03-26,28.389904443153124,32.21241429682702,-3.822509853673896,3.822509853673896,4,Vegetables,Beginner,3,0,3,0,30.634165456624,466 meals,9 staff,26.50718346258197,79.22814098165121
2026-03-27,15.468979319525944,14.646756658074668,0.822222661451276,0.822222661451276,4,Vegetables,Intermediate,4,0,3,0,17.415923811833792,171 meals,16 staff,23.58124738605332,65.05918390576254
2026-03-28,36.30859462241266,32.50489483695132,3.8036997854613404,3.8036997854613404,4,Bakery,Expert,5,1,3,0,31.244446019126684,475 meals,15 staff,,60.51164590641435
2026-03-29,5.805150427892218,11.352956925470318,-5.5478064975781,5.5478064975781,4,Vegetables,Beginner,6,1,3,1,13.41846990732849,150 meals,18 staff,30.37162661826404,49.10711800834826
2026-03-30,23.651032567277174,19.189843524976983,4.461189042300191,4.461189042300191,4,Vegetables,Beginner,0,0,3,0,17.730199891176834,282,19 staff,19.52544860006373,73.85568215598201
2026-03-31,24.87473337268496,23.62119111734163,1.25354225534333,1.25354225534333,4,Bakery,Beginner,1,0,3,0,14.602786124287146,382 meals,15 staff,28.84708612308828,47.26310606940176
2026-04-01,16.021834933844367,16.06510014752044,-0.04326521367607228,0.04326521367607228,4,Bakery,Beginner,2,0,4,0,27.277004095608262,161 meals,7 staff,19.666656452986533,74.22381105865051
2026-04-02,25.668250287633075,28.462664304181974,-2.794414016548899,2.794414016548899,4,Rice,Intermediate,3,0,4,0,9.329065870621944,495 meals,5 staff,27.50660339908908,34.20608881604652
2026-04-03,27.223207794667054,22.456951812452395,4.766255982214659,4.766255982214659,4,Dairy,Beginner,4,0,4,0,42.33241521393354,195 meals,8 staff,29.941565342580574,81.87248049492501
2026-04-04,17.343167542021604,14.410919371022343,2.9322481709992605,2.9322481709992605,4,Dairy,Expert,5,1,4,0,18.340494146514672,183,17 staff,19.374277778130782,59.97398780255597
2026-04-05,16.95011188089956,15.125703419140855,1.8244084617587042,1.8244084617587042,4,Rice,Expert,6,1,4,1,13.758805084232051,227 meals,6 staff,16.198866017226166,56.3104810019382
2026-04-06,23.61439025661188,25.482859422614258,-1.8684691660023773,1.8684691660023773,4,Dairy,Beginner,0,0,4,0,24.86199254407325,367 meals,6 staff,17.619474859883482,66.66140469251548
2026-04-07,32.16651750215776,27.80051190864914,4.366005593508621,4.366005593508621,4,Vegetables,Intermediate,1,0,4,0,16.079912738188643,450 meals,7,27.11993934542051,67.45152437377622
2026-04-08,19.10990251045616,19.67115852418425,-0.5612560137280909,0.5612560137280909,4,Rice,Expert,2,0,4,0,26.39616345530577,222 meals,12 staff,31.98892812451471,37.92211061339973
2026-04-09,28.129162168559382,27.192262639280845,0.9368995292785378,0.9368995292785378,4,Rice,Expert,3,0,4,0,18.940365991283414,431 meals,12 staff,15.899936424708487,75.3740153889728
2026-04-10,23.20397992376114,23.57024325723422,-0.36626333347308204,0.36626333347308204,4,Dairy,Expert,4,0,4,1,10.282672430761632,398 meals,16 staff,29.683025180832924,46.55569787700377
2026-04-11,12.194091510462966,13.52885479587068,-1.334763285407714,1.334763285407714,4,Meat,Expert,5,1,4,0,15.63580968109048,196 meals,19 staff,21.82637291900104,84.29771281019484
2026-04-12,21.22044109728892,19.683443637877463,1.536997459411456,1.536997459411456,4,Dairy,Beginner,6,1,4,0,22.53759379846101,270 meals,11 staff,24.57056739839045,79.07103980488995
2026-04-13,22.10433440213072,19.75060278505311,2.35373161707761,2.35373161707761,4,Meat,Beginner,0,0,4,0,6.211729059185025,363 meals,10 staff,33.57719099691131,50.77596249208491
2026-04-14,28.82288809377628,30.34377746332509,-1.520889369548808,1.520889369548808,5,Rice,Expert,1,0,4,0,35.82570108059048,388 meals,13 staff,21.639430094716907,78.46435759204286
2026-04-15,19.91412475740192,18.971553861774737,0.9425708956271812,0.9425708956271812,5,Meat,Beginner,2,0,4,0,29.872982583616636,205 meals,8 staff,,51.38342995799425
2026-04-16,33.84181356047109,34.0285220044887,-0.18670844401761144,0.18670844401761144,5,Vegetables,Beginner,3,0,4,1,29.05438429113417,499 meals,16 staff,15.273648295213622,36.05686089816244
2026-04-17,23.59799317101718,20.708880397947006,2.889112773070174,2.889112773070174,5,Bakery,Beginner,4,0,4,1,26.84199727531064,256 meals,5 staff,16.631974400096766,87.71329432354247
2026-04-18,31.08693425409501,31.260359119524917,-0.17342486542990798,0.17342486542990798,5,Meat,Expert,5,1,4,0,28.61252689300274,468 meals,12,20.17183182269568,69.15612091292641
2026-04-19,23.24553632353987,22.08337268589293,1.162163637646941,1.162163637646941,5,Bakery,Beginner,6,1,4,0,42.38607810828882,197 meals,11 staff,15.557044816421488,57.3659715997555
2026-04-20,13.41433873370573,12.869062202806647,0.5452765308990823,0.5452765308990823,5,Vegetables,Beginner,0,0,4,0,5.342768432429628,210 meals,11,,53.86640109186238
2026-04-21,25.408895228560286,26.918892665236623,-1.5099974366763362,1.5099974366763362,5,Bakery,Expert,1,0,4,1,6.911988386309971,486 meals,19 staff,23.52796713603245,49.48232005549584
2026-04-22,10.071857216131091,13.697497091382523,-3.625639875251432,3.625639875251432,5,Vegetables,Intermediate,2,0,4,0,12.659736397232091,175 meals,7 staff,25.96290405456044,88.88685572574775
2026-04-23,23.569798202161486,26.440452597538815,-2.870654395377329,2.870654395377329,5,Bakery,Expert,3,0,4,0,11.692055199726004,441 meals,8 staff,18.49294371792659,38.08483590785444
2026-04-24,25.201903623215927,24.82989082025281,0.37201280296311623,0.37201280296311623,5,Bakery,Expert,4,0,4,0,12.247778378767308,406 meals,14 staff,20.918640588732323,48.8883035352341
2026-04-25,16.707378290352015,17.416600560529197,-0.7092222701771824,0.7092222701771824,5,Dairy,Expert,5,1,4,0,31.877755433946007,157 meals,13 staff,28.276489497054506,59.129858416959806
2026-04-26,19.368031236845056,19.498604449378707,-0.13057321253365117,0.13057321253365117,5,Meat,Expert,6,1,4,1,23.379332042006613,262 meals,19 staff,34.306054472608,58.67997270325869
2026-04-27,35.313789241063525,34.10466122551953,1.209128015543996,1.209128015543996,5,Bakery,Intermediate,0,0,4,0,44.67115513338773,402 meals,10,16.008335472044184,58.28198906447061
2026-04-28,23.731105546721277,21.947780797820155,1.7833247489011228,1.7833247489011228,5,Rice,Intermediate,1,0,4,0,14.075436592117793,329 meals,19 staff,32.80768641710532,40.54702894982291
2026-04-29,26.6051088323644,23.92121391494784,2.683894917416559,2.683894917416559,5,Dairy,Expert,2,0,4,0,17.433204041099785,356 meals,19 staff,26.53762402622417,38.69595162657004
2026-04-30,34.07338512731257,35.6678859115392,-1.594500784226632,1.594500784226632,5,Meat,Beginner,3,0,4,0,44.36962867206597,452 meals,9 staff,26.278391335112477,45.2860551797172
2026-05-01,28.049334546019946,25.909983049812748,2.1393514962071976,2.1393514962071976,5,Dairy,Intermediate,4,0,5,0,38.27032563208988,276 meals,7 staff,25.005570704155208,84.87156922812336
2026-05-02,23.64253992878835,16.9138319855004,6.728707943287947,6.728707943287947,5,Meat,Expert,5,1,5,0,23.79196882714131,205 meals,13 staff,16.38788171808367,36.783178070070605
2026-05-03,26.68337322544289,26.360519686760334,0.32285353868255484,0.32285353868255484,5,Vegetables,Beginner,6,1,5,0,27.183875421839588,363 meals,9,60.0,75.44550620239949
2026-05-04,19.548204468066107,19.95548587678951,-0.4072814087234029,0.4072814087234029,5,Bakery,Expert,0,0,5,0,38.727116826113615,163 meals,9 staff,27.01824011318172,75.45290358800227
2026-05-05,15.276480201053737,16.223587638209835,-0.9471074371560988,0.9471074371560988,5,Rice,Beginner,1,0,5,0,24.23920984185312,177 meals,18 staff,21.819171428711165,78.58622423383574
2026-05-06,12.13101312936801,15.915366277929014,-3.784353148561003,3.784353148561003,5,Dairy,Expert,2,0,5,0,13.240948943283373,227,8 staff,33.34536133155361,83.19692933936133
2026-05-07,32.218094951867144,29.95619852385142,2.2618964280157243,2.2618964280157243,5,Dairy,Beginner,3,0,5,0,38.13778154217542,365 meals,18,23.131810747189444,45.782170652335815
2026-05-08,22.89668616268893,23.806410920094585,-0.9097247574056553,0.9097247574056553,5,Dairy,Expert,4,0,5,0,26.51089965102574,303 meals,8 staff,17.86562917405282,43.47356815613378
2026-05-09,11.03738169989384,11.45065063279374,-0.41326893289989997,0.41326893289989997,5,Dairy,Beginner,5,1,5,0,11.12170388655285,163 meals,16 staff,29.29437667004072,57.93033999164878
2026-05-10,26.429060288453265,24.45844837182257,1.9706119166306948,1.9706119166306948,5,Bakery,Expert,6,1,5,0,25.223433247375905,336 meals,5 staff,20.8670684288202,45.90535012512217
2026-05-11,31.846889719778403,29.756111446384217,2.0907782733941858,2.0907782733941858,5,Meat,Intermediate,0,0,5,0,21.52813522387435,461 meals,11 staff,25.509406147117865,74.05859933898645
2026-05-12,18.019580576586648,20.15082399487053,-2.1312434182838835,2.1312434182838835,5,Bakery,Expert,1,0,5,0,40.07370127527032,156 meals,13,28.9566557101034,68.15637460448602
2026-05-13,8.881772201387129,11.037836134544888,-2.1560639331577587,2.1560639331577587,5,Vegetables,Beginner,2,0,5,1,10.042217254428136,152 meals,7 staff,33.00528222404141,82.49926128315909
2026-05-14,23.138450731918454,26.031379518496387,-2.892928786577933,2.892928786577933,5,Bakery,Intermediate,3,0,5,0,40.008392177921024,260,16 staff,30.84382389603352,34.964298209224296
2026-05-15,33.337075110117254,27.229215609368474,6.107859500748781,6.107859500748781,5,Bakery,Beginner,4,0,5,0,25.488440672411382,387 meals,17 staff,28.527221357454483,84.9050000014845
2026-05-16,30.183811119764272,26.16190781934714,4.021903300417133,4.021903300417133,5,Vegetables,Expert,5,1,5,0,21.174577199245903,388 meals,19 staff,28.59266364790287,47.60091760020537
2026-05-17,26.714727480459093,24.81644204006395,1.8982854403951421,1.8982854403951421,5,Bakery,Expert,6,1,5,0,11.478687376117612,423 meals,6,,59.44166075561904
2026-05-18,30.933581837182217,31.721869740771254,-0.7882879035890369,0.7882879035890369,5,Meat,Expert,0,0,5,1,33.03271850554717,443 meals,7 staff,20.91648194993072,56.31668615637862
2026-05-19,30.650893412366138,31.378667634612707,-0.7277742222465697,0.7277742222465697,5,Rice,Beginner,1,0,5,0,42.07226836440162,376 meals,5 staff,15.022241883923748,75.61869906626544
2026-05-20,15.294840216021068,14.669104031449109,0.6257361845719593,0.6257361845719593,5,Vegetables,Beginner,2,0,5,1,20.015094155972797,164 meals,10 staff,20.43909118796397,55.21999856591056
2026-05-21,28.076410707701346,22.028899248402947,6.0475114592983985,6.0475114592983985,5,Dairy,Expert,3,0,5,0,14.663400026833337,341 meals,15 staff,19.35782759253488,86.61318873896457
2026-05-22,22.425034481407675,21.32803634097812,1.0969981404295552,1.0969981404295552,5,Meat,Expert,4,0,5,1,27.19467667996628,268 meals,15 staff,28.236691702279963,84.15203295831452
2026-05-23,21.43070811061022,19.228315531154642,2.2023925794555765,2.2023925794555765,5,Rice,Beginner,5,1,5,1,36.84743793735481,177 meals,11 staff,27.67423199531058,82.32966911817039
2026-05-24,11.448269134964992,18.621757148923148,-7.173488013958156,7.173488013958156,5,Meat,Beginner,6,1,5,1,5.150707782021322,351 meals,15 staff,26.86922765409448,34.27549995889368
2026-05-25,19.24926601863528,17.829639657661808,1.4196263609734707,1.4196263609734707,5,Meat,Beginner,0,0,5,0,30.255097455817168,188 meals,15 staff,-10.0,81.25548369323637
2026-05-26,25.57660760811674,30.26848257595126,-4.691874967834522,4.691874967834522,5,Dairy,Expert,1,0,5,0,28.860640027945237,422 meals,6 staff,29.57556108901295,76.89812672659264
2026-05-27,22.85684147792509,25.605107349702624,-2.7482658717775337,2.7482658717775337,5,Rice,Intermediate,2,0,5,0,17.726087432166402,380 meals,12 staff,21.47060824970983,36.21077682036786
2026-05-28,18.807733808479217,19.07547670918891,-0.26774290070969187,0.26774290070969187,5,Meat,Expert,3,0,5,0,23.056920144198813,235 meals,18 staff,28.301119780132623,36.44485952617331
2026-05-29,17.30725356315963,19.079579695464638,-1.7723261323050075,1.7723261323050075,5,Dairy,Expert,4,0,5,1,14.878528966472835,275 meals,10,26.131568570043065,36.06982869105247
2026-05-30,31.52074909332205,33.82490444193,-2.304155348607953,2.304155348607953,5,Vegetables,Expert,5,1,5,0,36.59542951807372,449 meals,18 staff,21.854618508558143,30.67995559226925
2026-05-31,15.933278481396458,17.652059202561492,-1.718780721165034,1.718780721165034,5,Dairy,Expert,6,1,5,1,30.381397334644305,174,8 staff,17.691525342082155,62.91805831167501
2026-06-01,21.959394668993056,22.543581205386687,-0.5841865363936307,0.5841865363936307,5,Bakery,Beginner,0,0,6,0,26.30846488155941,294 meals,9 staff,16.88837795320962,88.40365748616259
2026-06-02,13.546189125599131,14.718445374902291,-1.1722562493031603,1.1722562493031603,5,Dairy,Expert,1,0,6,0,20.70104793671309,162 meals,12 staff,-10.0,56.32108217398761
2026-06-03,23.10743033620894,23.516369726389303,-0.4089393901803646,0.4089393901803646,5,Dairy,Beginner,2,0,6,0,16.655375440829285,361 meals,18 staff,33.36795084163116,62.445450113241385
2026-06-04,19.909402878990203,20.142799856393722,-0.23339697740351895,0.23339697740351895,5,Dairy,Beginner,3,0,6,0,37.909459441737255,174 meals,7 staff,27.995760935285997,88.07818780619733
2026-06-05,21.603519916962085,17.992291335221687,3.6112285817403986,3.6112285817403986,5,Meat,Expert,4,0,6,0,23.05630681734276,217 meals,7 staff,17.06868229720967,45.31093372645384
2026-06-06,12.168567106283517,17.938759722165912,-5.7701926158823955,5.7701926158823955,5,Rice,Beginner,5,1,6,0,25.05789679366691,216 meals,18 staff,,81.50821515589578
2026-06-07,27.58486433724017,26.68460508627119,0.9002592509689791,0.9002592509689791,5,Dairy,Expert,6,1,6,1,25.833149221629665,382 meals,19 staff,29.578784002103145,62.783428032704165
2026-06-08,19.99343205592436,20.365321276233246,-0.37188922030888705,0.37188922030888705,5,Dairy,Expert,0,0,6,0,22.93467741726306,258,18 staff,30.596417680201363,64.16859087978065
2026-06-09,18.920490070383497,20.027496686633132,-1.1070066162496346,1.1070066162496346,5,Bakery,Expert,1,0,6,0,15.24353704953695,295 meals,15 staff,17.364372445821772,50.590431432437015
2026-06-10,13.826654007223938,16.406945948618592,-2.5802919413946537,2.5802919413946537,5,Bakery,Beginner,2,0,6,0,9.81361760972208,260 meals,8 staff,15.000614376907649,63.69506165801449
2026-06-11,21.08332175197732,22.602481447273806,-1.5191596952964872,1.5191596952964872,5,Vegetables,Beginner,3,0,6,0,8.941490686709628,377 meals,5 staff,29.2427409176121,34.388550568697035
2026-06-12,18.689027605789555,24.6594800027157,-5.970452396926145,5.970452396926145,5,Vegetables,Intermediate,4,0,6,0,35.298500933627544,260 meals,13 staff,22.13192351972411,75.87861435684673
2026-06-13,13.952487544219386,13.968801180474152,-0.01631363625476645,0.01631363625476645,5,Bakery,Intermediate,5,1,6,0,13.941112892060454,183 meals,12 staff,20.089626632365203,47.0812656926563
2026-06-14,16.332251284710395,15.105308359596304,1.2269429251140913,1.2269429251140913,5,Rice,Expert,6,1,6,0,7.226912598159023,260 meals,12 staff,-10.0,83.2564997696373
2026-06-15,29.608003401301342,32.81414020964149,-3.206136808340144,3.206136808340144,5,Vegetables,Intermediate,0,0,6,0,36.90069626783544,413,18 staff,25.805988135229995,52.07104167644751
2026-06-16,28.42081296068302,23.59901344126216,4.8217995194208605,4.8217995194208605,5,Rice,Expert,1,0,6,0,11.16246611442592,385 meals,14,32.02301470851964,38.56944662921296
2026-06-17,20.24041998555478,20.707311227628534,-0.46689124207375343,0.46689124207375343,5,Bakery,Beginner,2,0,6,1,30.00584366933416,232 meals,10 staff,34.152632925451755,71.7528944621091
2026-06-18,15.245937727254534,16.32334404027668,-1.0774063130221467,1.0774063130221467,5,Vegetables,Expert,3,0,6,0,18.545730857914528,191 meals,11 staff,26.314899012265784,39.874688682810174
2026-06-19,19.52510807394618,16.127241830050437,3.3978662438957414,3.3978662438957414,5,Dairy,Beginner,4,0,6,0,10.05921026765238,250 meals,10 staff,,75.22083093257942
2026-06-20,20.650142160656987,14.496505869894659,6.1536362907623285,6.1536362907623285,5,Bakery,Intermediate,5,1,6,0,21.5792391701744,155 meals,13,16.70112770978482,88.08673418436699
2026-06-21,14.75768809180397,18.401346490432918,-3.643658398628947,3.643658398628947,5,Vegetables,Beginner,6,1,6,0,5.592354445305006,329 meals,7 staff,25.977456030852,76.7731721277157
2026-06-22,31.4110523535307,33.79595945236442,-2.3849070988337218,2.3849070988337218,5,Rice,Expert,0,0,6,0,38.64179930050241,431 meals,18 staff,22.59958157930789,31.34695490587948
2026-06-23,30.8039440291236,32.10604896330826,-1.302104934184662,1.302104934184662,5,Rice,Intermediate,1,0,6,0,25.53991845367429,469,7,,65.99314728316648
2026-06-24,19.691302061964677,22.95689990965843,-3.2655978476937513,3.2655978476937513,5,Vegetables,Expert,2,0,6,0,10.566400436318473,375 meals,7 staff,22.77452695753093,71.72464025818346
2026-06-25,30.082101384719337,28.287819843171768,1.7942815415475692,1.7942815415475692,5,Rice,Expert,3,0,6,0,14.479212735559388,464 meals,14 staff,,79.52749954777711
2026-06-26,23.21675379750882,26.996720981212185,-3.7799671837033664,3.7799671837033664,5,Vegetables,Expert,4,0,6,0,22.919007685541068,378 meals,7 staff,16.89930550456753,33.36013853634001
2026-06-27,29.466242084426487,25.941004813344026,3.52523727108246,3.52523727108246,5,Vegetables,Beginner,5,1,6,0,12.554775312621944,438 meals,13 staff,21.298368891777915,58.80646967713718
2026-06-28,21.54413168593545,19.935209654590068,1.608922031345383,1.608922031345383,5,Rice,Expert,6,1,6,0,15.743966460043437,299 meals,16 staff,16.932896685755047,62.12225235830366
2026-06-29,32.70475632937511,29.184264613044913,3.520491716330195,3.520491716330195,5,Meat,Beginner,0,0,6,0,26.375422569410528,426 meals,8 staff,18.53793901647968,40.14749175865068
2026-06-30,26.295796356925567,29.9310421076024,-3.635245750676834,3.635245750676834,5,Dairy,Intermediate,1,0,6,0,38.30436052153542,347,17 staff,34.746723171590915,49.34698858263898
2026-07-01,16.121592980520404,17.969603765628975,-1.8480107851085705,1.8480107851085705,5,Bakery,Expert,2,0,7,0,21.07358742759683,219 meals,11 staff,23.88207113813237,56.41330357536991
2026-07-02,25.8476599259948,23.599733625216036,2.247926300778765,2.247926300778765,5,Dairy,Expert,3,0,7,0,33.67901094214193,261 meals,18 staff,25.63743533010033,79.99258127746809
2026-07-03,21.819990130029524,20.071722439576785,1.7482676904527388,1.7482676904527388,5,Bakery,Expert,4,0,7,0,40.06736853842594,153 meals,19,32.4723705747443,85.76445396421241
2026-07-04,28.185035000694924,29.235509136943048,-1.0504741362481234,1.0504741362481234,5,Bakery,Expert,5,1,7,0,13.65203761184648,499 meals,13 staff,34.91137800981376,67.70536973506037
2026-07-05,34.75270625176719,35.34373129922321,-0.5910250474560215,0.5910250474560215,5,Dairy,Intermediate,6,1,7,1,37.287678816086405,480,15 staff,26.654288986893636,53.69671116128772
2026-07-06,32.635782536512764,34.518513529324295,-1.8827309928115312,1.8827309928115312,5,Vegetables,Beginner,0,0,7,0,35.2960879332411,467 meals,16 staff,31.249476420883436,45.24186106793916
2026-07-07,30.21891550194654,31.212702570341023,-0.9937870683944823,0.9937870683944823,5,Rice,Expert,1,0,7,0,19.2774919179254,499 meals,11 staff,,88.92811106616902
2026-07-08,22.67821789543025,24.995946757865852,-2.317728862435601,2.317728862435601,5,Meat,Beginner,2,0,7,0,44.580798380034686,244 meals,13 staff,21.11487914894582,88.98119988458151
2026-07-09,16.301216097446506,20.165800851835332,-3.864584754388826,3.864584754388826,5,Meat,Intermediate,3,0,7,0,15.502894857438282,301 meals,16 staff,23.054074419891204,85.49861689410208
2026-07-10,30.57393073922061,27.796846815113216,2.7770839241073944,2.7770839241073944,5,Meat,Expert,4,0,7,0,15.192130641267823,460 meals,7 staff,28.450145253472986,77.14014899266915
2026-07-11,24.450896685588408,25.17359103739142,-0.722694351803014,0.722694351803014,5,Dairy,Expert,5,1,7,0,35.89036658612791,286 meals,19 staff,28.64383378510197,49.546772624737095
2026-07-12,29.969871039255118,26.313430898055866,3.6564401411992513,3.6564401411992513,5,Dairy,Beginner,6,1,7,0,22.38629272204337,396,8 staff,21.30478869298901,79.02002900985784
2026-07-13,26.85749434253076,26.132998010080268,0.7244963324504923,0.7244963324504923,5,Vegetables,Intermediate,0,0,7,1,18.23179979124173,392 meals,18 staff,17.664198482732573,54.52758103627036
2026-07-14,13.579985201889382,13.399938212753359,0.18004698913602368,0.18004698913602368,5,Meat,Intermediate,1,0,7,0,12.14651221356412,180 meals,12 staff,,49.60638588930272
2026-07-15,18.00332394999918,20.57958498970599,-2.5762610397068073,2.5762610397068073,5,Vegetables,Beginner,2,0,7,0,35.61329723738176,189 meals,10 staff,17.56651724377529,74.69192150797677
2026-07-16,26.20352235163892,29.874676594534627,-3.6711542428957067,3.6711542428957067,5,Meat,Beginner,3,0,7,0,36.45287224544308,378 meals,9 staff,26.5698501645866,34.77923565722537
2026-07-17,16.178041882580246,18.334786485620626,-2.15674460304038,2.15674460304038,5,Dairy,Beginner,4,0,7,0,27.662560129205616,185 meals,17 staff,28.86844256112618,32.9137633977397
2026-07-18,36.183515580567125,31.965450411326852,4.218065169240273,4.218065169240273,5,Rice,Intermediate,5,1,7,0,43.29254452765491,372 meals,8 staff,29.01222992788903,56.877221830871136
2026-07-19,15.73482983367335,13.204923710317654,2.529906123355696,2.529906123355696,5,Rice,Beginner,6,1,7,0,17.72653081690617,155 meals,12 staff,30.06944221319193,56.73832804932971
2026-07-20,26.034186584257856,28.38406477897388,-2.349878194716023,2.349878194716023,5,Rice,Expert,0,0,7,0,13.784761819173488,471 meals,5 staff,32.45718843131329,83.73864918383009
2026-07-21,26.74292053500092,28.63389825962033,-1.890977724619411,1.890977724619411,5,Rice,Beginner,1,0,7,0,32.09867075737847,369 meals,18 staff,24.99917983929577,37.569185777269006
2026-07-22,19.01363524782499,22.397746598491096,-3.3841113506661067,3.3841113506661067,5,Bakery,Beginner,2,0,7,0,35.33634563198819,224 meals,13 staff,29.604983790591422,37.39703564714477
2026-07-23,7.207614809019278,12.211402218060556,-5.003787409041278,5.003787409041278,5,Meat,Beginner,3,0,7,0,13.996238822072897,153 meals,5 staff,27.383454707316734,38.84715602849407
2026-07-24,26.924129211046942,27.399621000370495,-0.4754917893235522,0.4754917893235522,5,Rice,Beginner,4,0,7,1,8.064430570444529,484 meals,12 staff,,31.78417567767616
2026-07-25,30.551430068185645,25.318875570092327,5.232554498093318,5.232554498093318,5,Bakery,Beginner,5,1,7,0,37.42065946345488,283 meals,8 staff,15.513792897388164,34.3039042688945
2026-07-26,31.780921784078803,26.501771177750847,5.279150606327956,5.279150606327956,5,Bakery,Expert,6,1,7,0,44.060078945840495,267 meals,13 staff,20.690827713538678,69.59219200974235
2026-07-27,23.209779312203224,21.81289595679632,1.396883355406903,1.396883355406903,5,Bakery,Beginner,0,0,7,0,30.78689144289137,243 meals,18 staff,23.860674126752382,55.89505974705055
2026-07-28,13.57638548037935,16.166567529119344,-2.590182048739994,2.590182048739994,5,Vegetables,Beginner,1,0,7,0,16.114676005755765,211 meals,15 staff,27.342118888573125,75.81618402528082
2026-07-29,26.26163067544189,31.636855723657913,-5.3752250482160235,5.3752250482160235,5,Vegetables,Intermediate,2,0,7,0,44.86690434211168,343 meals,9 staff,31.999186610064108,89.55586311489961
2026-07-30,39.560386192133066,36.71810044708509,2.842285745047974,2.842285745047974,5,Bakery,Beginner,3,0,7,0,40.7306654506831,484 meals,7 staff,18.92491433412331,69.54208086594008
2026-07-31,26.602218160034838,26.070682465111826,0.5315356949230114,0.5315356949230114,5,Rice,Beginner,4,0,7,0,25.53522585121176,352 meals,13 staff,17.510995797969542,33.02733423720743
2026-08-01,19.20517089817044,19.573987769587468,-0.3688168714170281,0.3688168714170281,5,Meat,Beginner,5,1,8,0,38.01285139367335,175 meals,15 staff,34.26959894948655,36.27377188526049
2026-08-02,25.939969972218787,26.939531231386876,-0.9995612591680896,0.9995612591680896,5,Dairy,Beginner,6,1,8,0,37.63282093051868,322 meals,18 staff,17.160891187528144,82.86024508888246
2026-08-03,36.96889736895952,35.541252038185036,1.4276453307744816,1.4276453307744816,5,Vegetables,Beginner,0,0,8,0,42.39195878693998,449 meals,18 staff,24.569821402143784,61.64975667349569
2026-08-04,23.21122157174008,26.45305017649501,-3.2418286047549323,3.2418286047549323,5,Rice,Intermediate,1,0,8,0,38.6369537509384,282 meals,13 staff,26.711274575866035,79.4902295637444
2026-08-05,33.6918473321861,33.22218122996714,0.46966610221895877,0.46966610221895877,5,Rice,Beginner,2,0,8,0,30.74716943828658,475 meals,8 staff,25.827488418148764,81.39674017349557
2026-08-06,18.50217938719556,22.786193353171452,-4.284013965975891,4.284013965975891,5,Dairy,Intermediate,3,0,8,1,29.37214875826029,267 meals,15 staff,16.720643140658865,85.66047248997116
2026-08-07,37.44382221929403,31.338277945845682,6.105544273448345,6.105544273448345,5,Dairy,Expert,4,0,8,0,23.69429153326447,473 meals,8 staff,16.140538280072388,86.98975232918195
2026-08-08,28.156685522824205,29.751398046517007,-1.5947125236928024,1.5947125236928024,5,Rice,Beginner,5,1,8,1,30.05942559883029,424 meals,16 staff,17.109668549220714,63.28954779019837
2026-08-09,31.03779590718799,29.006791194328038,2.0310047128599535,2.0310047128599535,5,Dairy,Beginner,6,1,8,0,36.80866346121531,361,12 staff,26.71175367745225,50.46121033536203
2026-08-10,28.23438657662578,31.84579038952039,-3.6114038128946078,3.6114038128946078,5,Rice,Beginner,0,0,8,0,43.76150505210213,374 meals,6 staff,25.886897752686423,87.71189246087991
2026-08-11,15.067688820887293,16.05909296869565,-0.9914041478083586,0.9914041478083586,5,Dairy,Beginner,1,0,8,0,23.691494327284804,169 meals,13 staff,,62.84438436007351
2026-08-12,24.13769410615535,22.450241263257645,1.6874528428977058,1.6874528428977058,5,Dairy,Expert,2,0,8,0,27.946128119550284,262 meals,17 staff,27.75548283691183,33.85516337727666
2026-08-13,24.590532082577408,22.118513473430895,2.472018609146513,2.472018609146513,5,Rice,Expert,3,0,8,0,22.79221980235127,289 meals,18 staff,31.401350041112988,68.56659300359189
2026-08-14,21.611728241109603,20.378041162918997,1.2336870781906057,1.2336870781906057,5,Bakery,Intermediate,4,0,8,0,31.73954483933616,196 meals,10 staff,15.831579196931877,65.26108502370064
2026-08-15,16.14431306076593,16.312639212249206,-0.16832615148327434,0.16832615148327434,5,Rice,Beginner,5,1,8,0,30.196820162450383,150 meals,13,24.962598870960846,83.74757237368236
2026-08-16,11.666152494006898,13.099109350952078,-1.4329568569451805,1.4329568569451805,5,Meat,Beginner,6,1,8,1,5.713351607744932,239 meals,12 staff,28.786208242053807,69.19123134946875
2026-08-17,19.31090735365048,23.300967868783367,-3.9900605151328854,3.9900605151328854,5,Dairy,Expert,0,0,8,0,26.646462364026338,291 meals,19 staff,20.04623854139374,50.943145467693085
2026-08-18,30.52323851170155,26.969786146264564,3.5534523654369856,3.5534523654369856,5,Vegetables,Expert,1,0,8,0,8.539475827960562,469 meals,19 staff,21.15541810586298,87.97354354234923
2026-08-19,11.476717136032336,12.133263628539064,-0.6565464925067275,0.6565464925067275,5,Dairy,Expert,2,0,8,0,6.055344720221534,187 meals,11 staff,27.27275805978768,78.09716915892201
2026-08-20,33.95908362628207,33.00986647228906,0.9492171539930112,0.9492171539930112,5,Meat,Beginner,3,0,8,0,36.64788648338793,442 meals,17,32.95870586887474,67.82505710288126
2026-08-21,22.49990790720993,20.768743842970068,1.731164064239863,1.731164064239863,5,Vegetables,Intermediate,4,0,8,0,15.34599448637202,288 meals,18,31.198488406057987,47.575512204187376
2026-08-22,31.4480547781127,30.075106931106195,1.372947847006504,1.372947847006504,5,Vegetables,Beginner,5,1,8,0,18.62620309149197,482 meals,5 staff,26.66260438199167,52.41241777885773
2026-08-23,22.286763291955896,23.505890328123908,-1.219127036168011,1.219127036168011,5,Rice,Intermediate,6,1,8,0,7.563383504162648,408 meals,18 staff,29.604434355144985,70.1981954457994
2026-08-24,21.387213471073743,20.244703418266386,1.1425100528073564,1.1425100528073564,5,Bakery,Expert,0,0,8,0,12.180010419774025,310 meals,16 staff,22.29644940415597,34.3188491077993
2026-08-25,25.169618773558348,27.876409811621695,-2.706791038063347,2.706791038063347,5,Rice,Expert,1,0,8,0,35.62419273031169,327 meals,7 staff,27.819310561975158,45.40083549901581
2026-08-26,10.718945530346463,15.913063260665838,-5.194117730319375,5.194117730319375,5,Vegetables,Beginner,2,0,8,1,24.74123320930484,159 meals,15 staff,24.32363182255114,72.83405600379588
2026-08-27,36.80354827665533,33.49183522751973,3.311713049135598,3.311713049135598,5,Vegetables,Expert,3,0,8,0,40.22673850200594,410 meals,18 staff,18.79872272915122,58.80111059067725
2026-08-28,18.999295138400687,22.039592112789308,-3.040296974388621,3.040296974388621,5,Bakery,Intermediate,4,0,8,0,20.889685258673406,287 meals,6 staff,,54.14361388886581
2026-08-29,19.86153894089916,21.122343738413694,-1.2608047975145347,1.2608047975145347,5,Dairy,Beginner,5,1,8,0,15.748029430170728,321 meals,9 staff,,39.08745734402487
2026-08-30,13.122947498125242,13.975305455847161,-0.8523579577219191,0.8523579577219191,5,Bakery,Expert,6,1,8,1,18.90399257834604,162,19 staff,22.172431639071828,56.51094206866396
2026-08-31,24.096645443050026,26.580857655770323,-2.4842122127202977,2.4842122127202977,5,Rice,Expert,0,0,8,0,33.51087174067618,317 meals,9,33.226783801572616,76.24151824561403
2026-09-01,25.41406965253963,23.0032550259101,2.4108146266295307,2.4108146266295307,5,Dairy,Intermediate,1,0,9,1,27.200226893379444,279 meals,9 staff,15.418682356534664,45.84077076431358
2026-09-02,25.123663071255017,24.30212775839739,0.8215353128576268,0.8215353128576268,5,Rice,Beginner,2,0,9,1,41.16764830209711,233 meals,8 staff,21.31546302498992,30.32391253102065
2026-09-03,31.3146645332742,32.34682106574803,-1.0321565324738309,1.0321565324738309,5,Bakery,Beginner,3,0,9,1,29.08675077555533,470 meals,9 staff,16.13762795555293,70.11029406905897
2026-09-04,26.989211858673205,31.883815822597597,-4.894603963924393,4.894603963924393,5,Dairy,Intermediate,4,0,9,0,24.720728339260127,468 meals,7 staff,30.330546324432543,88.35759626595316
2026-09-05,24.340426132723056,23.22513869642963,1.1152874362934249,1.1152874362934249,5,Bakery,Beginner,5,1,9,0,36.43010895546932,250 meals,16 staff,29.04214908227585,66.40959381531496
2026-09-06,29.418577176067256,36.15943187762663,-6.740854701559375,6.740854701559375,5,Meat,Beginner,6,1,9,0,42.90135402933781,478 meals,5 staff,21.62704437472634,37.19531153562781
2026-09-07,27.568389020647988,27.74776558838453,-0.17937656773654354,0.17937656773654354,5,Vegetables,Beginner,0,0,9,0,19.233836449798822,422,9 staff,28.51325804414146,49.243985540680384
2026-09-08,29.22805585655193,25.66471233169302,3.563343524858908,3.563343524858908,5,Dairy,Beginner,1,0,9,0,14.995048406619109,414,17 staff,22.918744523919,82.0584968832134
2026-09-09,18.43828398417683,19.1586642996156,-0.7203803154387707,0.7203803154387707,5,Vegetables,Beginner,2,0,9,0,29.648695851765567,187 meals,13 staff,30.125075828448686,43.95408445540971
2026-09-10,23.25545576502466,19.659185385142067,3.5962703798825935,3.5962703798825935,5,Meat,Beginner,3,0,9,0,24.95491284615524,243 meals,17 staff,24.083673254734123,66.46175420985648
2026-09-11,21.882694181664142,26.048444491197525,-4.165750309533383,4.165750309533383,5,Dairy,Beginner,4,0,9,0,44.56742299459134,244 meals,13 staff,23.24559455663331,54.160272495239866
2026-09-12,35.86396559563928,30.19260561313573,5.6713599825035494,5.6713599825035494,5,Vegetables,Beginner,5,1,9,0,23.49447136590933,454 meals,8 staff,33.69459830976602,42.47062328517895
2026-09-13,16.583834931949198,14.255803960670526,2.3280309712786718,2.3280309712786718,5,Vegetables,Intermediate,6,1,9,0,7.973262054413834,218 meals,7 staff,20.017581997814005,78.80441361388078
2026-09-14,38.0063263158663,36.97860226364348,1.0277240522228226,1.0277240522228226,5,Dairy,Expert,0,0,9,0,44.09476243110544,467 meals,5 staff,17.408946799931307,74.56987658794142
2026-09-15,29.077859982451688,31.710064619875553,-2.6322046374238646,2.6322046374238646,5,Vegetables,Expert,1,0,9,0,38.7434778237416,385 meals,6 staff,26.690862265189164,69.69546395755592
2026-09-16,25.495435417011915,28.959319505240167,-3.4638840882282516,3.4638840882282516,5,Vegetables,Beginner,2,0,9,0,12.130005758318534,483 meals,12 staff,34.386436245683576,44.18019541612507
2026-09-17,26.44254075216829,27.32951831434713,-0.8869775621788385,0.8869775621788385,5,Dairy,Expert,3,0,9,1,41.18421012451477,286 meals,5 staff,22.55678427454373,35.871420162987
2026-09-18,20.446336537837627,18.030075434435393,2.4162611034022348,2.4162611034022348,5,Vegetables,Expert,4,0,9,0,18.626672832869783,225 meals,12 staff,16.24073527257563,64.56955978955797
2026-09-19,11.278781321798306,15.545213613576237,-4.266432291777932,4.266432291777932,5,Vegetables,Beginner,5,1,9,0,20.08447938137778,184 meals,17 staff,21.78610534619135,63.220670012366
2026-09-20,19.907929318171004,19.950163822242608,-0.04223450407160456,0.04223450407160456,5,Rice,Beginner,6,1,9,0,41.25565929448637,150 meals,11 staff,,41.30310056009238
2026-09-21,32.31404759541514,31.425566007494233,0.8884815879209071,0.8884815879209071,5,Rice,Intermediate,0,0,9,0,26.204622601412613,445,19 staff,18.238460132644278,33.37480165891035
2026-09-22,29.3912016045849,27.300518816507378,2.0906827880775225,2.0906827880775225,5,Meat,Expert,1,0,9,0,10.510517175940786,469 meals,12 staff,28.16204436112984,34.84250725163916
2026-09-23,18.572383415286748,16.972591246697768,1.59979216858898,1.59979216858898,5,Rice,Beginner,2,0,9,0,19.762246373672163,209 meals,16 staff,34.95498778020401,89.56625919076403
2026-09-24,29.36238877760843,34.08272531374489,-4.7203365361364575,4.7203365361364575,5,Rice,Beginner,3,0,9,0,33.88389785071523,469 meals,10 staff,24.03478951962888,77.01503368457301
2026-09-25,31.88554391037906,28.635543087483654,3.250000822895405,3.250000822895405,5,Meat,Beginner,4,0,9,0,11.967367522720668,498 meals,16 staff,22.09457113460425,85.31924855791036
2026-09-26,32.6343553371634,33.08579028118278,-0.45143494401938256,0.45143494401938256,5,Vegetables,Expert,5,1,9,0,28.609247896254352,477 meals,18 staff,23.01408333668933,41.7032833341818
